,DRUG+INEFFECTIVE,NAUSEA,DEATH,FATIGUE,HEADACHE,DIARRHOEA,DYSPNOEA,PAIN,OFF+LABEL+USE,DIZZINESS,MALAISE,VOMITING,RASH,ASTHENIA,ARTHRALGIA,PYREXIA,FALL,PRURITUS,PNEUMONIA,PAIN+IN+EXTREMITY,ANXIETY,INSOMNIA,INJECTION+SITE+PAIN,DRUG+DOSE+OMISSION,WEIGHT+DECREASED,FEELING+ABNORMAL,DEPRESSION,COUGH,BACK+PAIN,ABDOMINAL+PAIN,MYOCARDIAL+INFARCTION,CONDITION+AGGRAVATED,WEIGHT+INCREASED,DECREASED+APPETITE,BLOOD+GLUCOSE+INCREASED,HYPERTENSION,CHEST+PAIN,SOMNOLENCE,DRUG+HYPERSENSITIVITY,ERYTHEMA,HYPOTENSION,ANAEMIA,ABDOMINAL+PAIN+UPPER,ALOPECIA,GAIT+DISTURBANCE,CEREBROVASCULAR+ACCIDENT,CONSTIPATION,MUSCLE+SPASMS,MYALGIA,TREMOR,HYPERSENSITIVITY,NASOPHARYNGITIS,PRODUCT+QUALITY+ISSUE,CONFUSIONAL+STATE,PARAESTHESIA,OVERDOSE,DRUG+INTERACTION,URTICARIA,URINARY+TRACT+INFECTION,HYPOAESTHESIA,PRODUCT+USE+ISSUE,INCORRECT+DOSE+ADMINISTERED,TOXICITY+TO+VARIOUS+AGENTS,BLOOD+PRESSURE+INCREASED,ABDOMINAL+DISCOMFORT,OEDEMA+PERIPHERAL,RENAL+FAILURE,DEHYDRATION,WRONG+TECHNIQUE+IN+PRODUCT+USAGE+PROCESS,HYPERHIDROSIS,LOSS+OF+CONSCIOUSNESS,VISION+BLURRED,INJECTION+SITE+ERYTHEMA,MEMORY+IMPAIRMENT,PRODUCT+USE+IN+UNAPPROVED+INDICATION,INFECTION,NO+ADVERSE+EVENT,ACUTE+KIDNEY+INJURY,PALPITATIONS,PERIPHERAL+SWELLING,MUSCULAR+WEAKNESS,FLUSHING,PSORIASIS,CHILLS,INAPPROPRIATE+SCHEDULE+OF+DRUG+ADMINISTRATION,SEPSIS,HOSPITALISATION,PULMONARY+EMBOLISM,CARDIAC+FAILURE+CONGESTIVE,HAEMOGLOBIN+DECREASED,NEUTROPENIA,THROMBOCYTOPENIA,GASTROINTESTINAL+HAEMORRHAGE,SYNCOPE,VISUAL+IMPAIRMENT,DRY+SKIN,INFLUENZA,HAEMORRHAGE,ABDOMINAL+DISTENSION,PRODUCT+DOSE+OMISSION
US,1086689.0,242426.0,232680.0,250303.0,213240.0,188292.0,160612.0,720364.0,6136862.0,152213.0,156517.0,120458.0,200709.0,100808.0,116958.0,66465.0,92831.0,164753.0,90829.0,1375489.0,90167.0,92933.0,1259286.0,1549383.0,486795.0,310291.0,71035.0,92739.0,1094080.0,1150405.0,70233.0,72781.0,511129.0,388622.0,552404.0,65734.0,1103966.0,54140.0,1164325.0,141929.0,47203.0,50135.0,1180768.0,84066.0,100651.0,118396.0,64590.0,107184.0,46552.0,46399.0,156998.0,67519.0,915028.0,95976.0,50678.0,72895.0,1085755.0,57871.0,320239.0,51157.0,6136862.0,776207.0,260851.0,580094.0,294815.0,171773.0,201707.0,36860.0,2785170.0,34311.0,1213857.0,41432.0,406382.0,103981.0,6136862.0,224810.0,2589308.0,216108.0,29704.0,240390.0,33485.0,33151.0,49446.0,30035.0,5784954.0,24689.0,43183.0,100516.0,208403.0,422134.0,22203.0,13156.0,237323.0,19136.0,116563.0,299214.0,71956.0,199067.0,204376.0,1127301.0
CA,56929.0,17011.0,19546.0,19964.0,13451.0,14422.0,16379.0,47910.0,260177.0,9723.0,14186.0,10232.0,10794.0,9013.0,15137.0,8160.0,8858.0,7704.0,14006.0,75415.0,4972.0,6693.0,67262.0,75872.0,43141.0,20518.0,4421.0,12429.0,65199.0,68612.0,4544.0,10814.0,41334.0,39291.0,45854.0,6050.0,66700.0,3245.0,59925.0,5865.0,4562.0,3230.0,70365.0,3971.0,7858.0,5234.0,3691.0,5770.0,3185.0,2648.0,10216.0,9546.0,46824.0,6643.0,3116.0,2976.0,56925.0,4444.0,36707.0,4086.0,260177.0,31784.0,20281.0,46428.0,26293.0,15082.0,17119.0,2609.0,140116.0,2753.0,77590.0,2016.0,11973.0,5660.0,260177.0,31373.0,95634.0,11822.0,2359.0,22519.0,2412.0,1849.0,3353.0,2988.0,247131.0,2698.0,3283.0,9829.0,16837.0,39838.0,2548.0,996.0,15595.0,2106.0,6274.0,16068.0,7064.0,10026.0,19440.0,49933.0
GB,27234.0,11455.0,18345.0,12609.0,10765.0,10134.0,12637.0,32220.0,298758.0,11376.0,15434.0,8877.0,11258.0,4609.0,6503.0,5182.0,5723.0,6524.0,6125.0,76062.0,6787.0,6353.0,61458.0,59025.0,24438.0,21035.0,6226.0,4807.0,59929.0,62091.0,4869.0,4848.0,28196.0,20023.0,30321.0,2970.0,61261.0,4210.0,30426.0,3822.0,4893.0,3397.0,63474.0,2489.0,5533.0,5437.0,3511.0,7098.0,5469.0,4755.0,3895.0,1738.0,39952.0,13600.0,5797.0,5595.0,27549.0,2217.0,37944.0,3097.0,298758.0,39127.0,23417.0,30498.0,17105.0,11460.0,14563.0,1917.0,159392.0,3506.0,92652.0,3377.0,6295.0,7958.0,298758.0,22990.0,147678.0,17020.0,4081.0,16259.0,2976.0,1137.0,1640.0,1831.0,275725.0,6054.0,6080.0,7000.0,14127.0,21355.0,3900.0,1853.0,13935.0,3264.0,9437.0,17316.0,2811.0,10937.0,11719.0,45860.0
FR,24949.0,6771.0,6135.0,9799.0,7641.0,8447.0,6730.0,16309.0,250505.0,3397.0,5473.0,7089.0,8767.0,7285.0,4012.0,6414.0,6355.0,4945.0,3792.0,41553.0,3333.0,4519.0,34362.0,39026.0,18155.0,7201.0,4800.0,2005.0,32941.0,33834.0,2655.0,3809.0,22496.0,13689.0,23139.0,4000.0,33598.0,5066.0,27640.0,4248.0,6464.0,7970.0,34155.0,4132.0,4662.0,4268.0,1845.0,4683.0,3774.0,2420.0,2878.0,280.0,18691.0,7648.0,2375.0,6287.0,24996.0,2001.0,26174.0,606.0,250505.0,17972.0,16853.0,22711.0,9504.0,11374.0,19255.0,1962.0,102692.0,2119.0,60602.0,1385.0,6109.0,3463.0,250505.0,8882.0,174823.0,30981.0,2160.0,5819.0,1066.0,263.0,791.0,1490.0,218013.0,2851.0,390.0,8009.0,18825.0,14458.0,5811.0,5948.0,10517.0,1012.0,4998.0,11814.0,705.0,7396.0,7662.0,26053.0
IT,23872.0,4155.0,2410.0,1406.0,2499.0,3884.0,5576.0,8929.0,138001.0,1102.0,2453.0,5296.0,3750.0,5822.0,875.0,3451.0,1511.0,3529.0,1923.0,25763.0,733.0,731.0,14970.0,31905.0,6045.0,2988.0,710.0,1154.0,14528.0,14985.0,1844.0,1135.0,9264.0,5333.0,9694.0,1995.0,14957.0,1725.0,25494.0,4143.0,4585.0,5845.0,15207.0,623.0,1084.0,1379.0,730.0,1215.0,726.0,1650.0,2130.0,65.0,8075.0,5047.0,1806.0,5405.0,23916.0,2248.0,9002.0,267.0,138001.0,10919.0,10745.0,9669.0,5714.0,7075.0,8879.0,985.0,58483.0,1735.0,35741.0,435.0,4677.0,1328.0,138001.0,3083.0,89462.0,13369.0,635.0,2819.0,378.0,732.0,202.0,546.0,124473.0,1317.0,63.0,2459.0,8987.0,5698.0,4134.0,2929.0,6212.0,3016.0,1823.0,3808.0,301.0,5214.0,4838.0,14355.0
JP,18584.0,6041.0,7337.0,1756.0,2262.0,7158.0,3284.0,9030.0,259359.0,2942.0,5685.0,4126.0,6520.0,1322.0,1514.0,10649.0,4486.0,2411.0,14305.0,38983.0,473.0,1580.0,22576.0,37671.0,30101.0,11943.0,1173.0,1679.0,20689.0,22004.0,10971.0,4004.0,23522.0,28230.0,30100.0,3836.0,21236.0,2260.0,19360.0,4449.0,1228.0,9001.0,23300.0,723.0,1648.0,5300.0,2267.0,1756.0,806.0,887.0,973.0,1261.0,12015.0,5497.0,210.0,3100.0,18626.0,907.0,19924.0,1581.0,259359.0,22806.0,20761.0,29796.0,5591.0,10869.0,27699.0,2271.0,89476.0,436.0,74799.0,468.0,6672.0,7793.0,259359.0,10139.0,127596.0,14735.0,879.0,6061.0,1115.0,254.0,304.0,518.0,229953.0,3595.0,2189.0,6660.0,20577.0,29447.0,6320.0,2548.0,17292.0,540.0,9159.0,7063.0,768.0,14377.0,4300.0,27504.0
DE,16598.0,7835.0,6489.0,7270.0,4497.0,6625.0,8032.0,16108.0,190403.0,6422.0,1558.0,4984.0,4153.0,3513.0,3171.0,4991.0,4781.0,2921.0,6369.0,39708.0,1721.0,1332.0,34170.0,41835.0,15687.0,7091.0,2823.0,2509.0,32837.0,34000.0,4447.0,2566.0,20736.0,13417.0,21442.0,3592.0,33428.0,1810.0,18325.0,2528.0,2225.0,5163.0,34824.0,1624.0,4617.0,7564.0,1817.0,3278.0,2819.0,1538.0,1964.0,1598.0,23480.0,3205.0,2131.0,3065.0,16649.0,851.0,16859.0,1672.0,190403.0,29877.0,16369.0,21319.0,9572.0,8194.0,14308.0,1663.0,87187.0,1576.0,52517.0,747.0,4250.0,4322.0,190403.0,10749.0,104667.0,10756.0,1477.0,6775.0,1546.0,663.0,752.0,1694.0,172438.0,3218.0,526.0,7811.0,13793.0,14214.0,2842.0,3083.0,12100.0,2799.0,5099.0,7809.0,1357.0,9354.0,6848.0,35506.0
BR,14344.0,3183.0,6058.0,3727.0,4134.0,3017.0,4716.0,16383.0,92823.0,3273.0,6759.0,3086.0,1397.0,3908.0,3549.0,3444.0,3493.0,2719.0,4510.0,30919.0,1602.0,2055.0,20414.0,19574.0,12888.0,9240.0,2117.0,2401.0,19422.0,20166.0,3047.0,1893.0,15254.0,11033.0,15293.0,3249.0,19583.0,1605.0,16125.0,2357.0,1072.0,2198.0,20601.0,834.0,4082.0,3559.0,713.0,1383.0,587.0,1713.0,2531.0,765.0,9798.0,1991.0,844.0,662.0,14344.0,460.0,10935.0,1187.0,92823.0,8845.0,3856.0,16757.0,6496.0,4771.0,5702.0,502.0,44521.0,794.0,18376.0,1026.0,4523.0,4519.0,92823.0,8844.0,41502.0,5265.0,400.0,5951.0,1031.0,191.0,870.0,656.0,80975.0,952.0,643.0,3044.0,5966.0,11356.0,683.0,485.0,5579.0,1560.0,5022.0,4861.0,2751.0,3760.0,4472.0,13867.0
ES,9901.0,1394.0,2180.0,1074.0,1059.0,2225.0,1421.0,3819.0,71442.0,1317.0,820.0,1649.0,1613.0,1998.0,528.0,1975.0,899.0,1210.0,1723.0,14097.0,554.0,571.0,9407.0,15652.0,3869.0,1748.0,611.0,489.0,8916.0,9350.0,1263.0,1069.0,4191.0,3305.0,4053.0,1082.0,9038.0,871.0,10831.0,1097.0,1049.0,2597.0,9907.0,327.0,774.0,897.0,496.0,669.0,472.0,596.0,1010.0,218.0,6320.0,2033.0,485.0,1098.0,9939.0,789.0,8889.0,205.0,71442.0,7653.0,7118.0,4083.0,2384.0,2757.0,6677.0,244.0,27991.0,398.0,20342.0,252.0,1741.0,954.0,71442.0,4539.0,37408.0,6629.0,240.0,1463.0,398.0,142.0,258.0,208.0,60839.0,815.0,120.0,1874.0,6278.0,3607.0,2423.0,1447.0,3712.0,654.0,1331.0,2868.0,309.0,2966.0,1757.0,9644.0
AU,7152.0,1982.0,5044.0,1803.0,1450.0,1634.0,1845.0,5154.0,65305.0,1262.0,2016.0,1419.0,1631.0,680.0,911.0,1430.0,1662.0,740.0,1687.0,11897.0,813.0,621.0,9080.0,11992.0,5672.0,3230.0,914.0,714.0,8563.0,8928.0,1189.0,894.0,6131.0,4856.0,6881.0,1130.0,8756.0,472.0,7548.0,627.0,1167.0,850.0,9285.0,273.0,765.0,1697.0,518.0,876.0,445.0,481.0,558.0,312.0,6638.0,1683.0,569.0,1925.0,7156.0,418.0,6121.0,365.0,65305.0,6447.0,5076.0,6613.0,2391.0,2037.0,4231.0,498.0,28175.0,481.0,15990.0,449.0,1487.0,1771.0,65305.0,4476.0,22381.0,3748.0,360.0,2020.0,456.0,318.0,218.0,463.0,57015.0,1098.0,583.0,2328.0,4079.0,5186.0,1242.0,524.0,3123.0,511.0,2079.0,2801.0,692.0,2439.0,1668.0,8909.0
CN,6194.0,2263.0,6809.0,921.0,723.0,1659.0,1700.0,3086.0,61347.0,1567.0,182.0,2299.0,2518.0,1392.0,354.0,2368.0,326.0,1554.0,1233.0,11848.0,155.0,396.0,6233.0,10878.0,6087.0,3799.0,248.0,853.0,6013.0,6790.0,1923.0,733.0,6595.0,5645.0,9639.0,896.0,7240.0,472.0,6752.0,871.0,440.0,953.0,7381.0,274.0,440.0,339.0,377.0,570.0,357.0,474.0,764.0,462.0,5543.0,864.0,52.0,612.0,6200.0,283.0,7293.0,529.0,61347.0,5866.0,4868.0,8950.0,3938.0,2284.0,7800.0,49.0,16097.0,606.0,17527.0,366.0,1254.0,1358.0,61347.0,3307.0,28154.0,4465.0,911.0,1657.0,481.0,425.0,40.0,969.0,50323.0,270.0,134.0,1199.0,6990.0,5928.0,770.0,870.0,4748.0,290.0,1495.0,3433.0,59.0,3494.0,1866.0,8315.0
NL,4403.0,1443.0,13647.0,1661.0,1014.0,1241.0,1519.0,3457.0,57988.0,1001.0,1319.0,971.0,631.0,566.0,422.0,1483.0,848.0,528.0,1530.0,15718.0,405.0,539.0,5761.0,7881.0,3294.0,2027.0,487.0,339.0,5276.0,5548.0,924.0,528.0,3497.0,2683.0,3639.0,784.0,5431.0,475.0,4867.0,762.0,628.0,583.0,5699.0,152.0,988.0,601.0,464.0,1098.0,554.0,526.0,485.0,173.0,3737.0,2382.0,366.0,611.0,4411.0,190.0,3994.0,201.0,57988.0,4542.0,4618.0,3570.0,1956.0,1344.0,3058.0,437.0,25825.0,372.0,10742.0,227.0,1406.0,1193.0,57988.0,2376.0,27635.0,1905.0,411.0,1178.0,358.0,62.0,58.0,197.0,51427.0,612.0,2445.0,1311.0,2993.0,2966.0,482.0,318.0,2101.0,491.0,1376.0,1756.0,448.0,1467.0,1312.0,6063.0
PL,3879.0,678.0,1218.0,361.0,417.0,819.0,1164.0,1810.0,21972.0,429.0,327.0,548.0,624.0,916.0,228.0,704.0,139.0,392.0,843.0,5929.0,367.0,226.0,2866.0,5673.0,2048.0,1003.0,243.0,395.0,2737.0,2815.0,545.0,462.0,2830.0,1846.0,3148.0,434.0,2796.0,372.0,4054.0,682.0,312.0,1140.0,3060.0,114.0,263.0,268.0,174.0,229.0,199.0,195.0,244.0,13.0,1883.0,676.0,134.0,364.0,3934.0,171.0,2659.0,237.0,21972.0,2592.0,2327.0,3088.0,1023.0,1237.0,2236.0,155.0,9774.0,279.0,7058.0,82.0,806.0,456.0,21972.0,1629.0,8895.0,1664.0,213.0,844.0,119.0,29.0,50.0,171.0,19359.0,394.0,36.0,848.0,2291.0,1904.0,1067.0,670.0,1272.0,277.0,562.0,1259.0,100.0,976.0,862.0,3397.0
CH,3469.0,685.0,798.0,605.0,424.0,646.0,698.0,1313.0,23673.0,343.0,258.0,589.0,653.0,439.0,216.0,667.0,530.0,336.0,736.0,4326.0,196.0,129.0,3230.0,5385.0,1651.0,725.0,284.0,211.0,2998.0,3089.0,475.0,254.0,2296.0,1381.0,2295.0,353.0,3046.0,401.0,3779.0,318.0,454.0,801.0,3261.0,107.0,432.0,476.0,114.0,357.0,189.0,266.0,374.0,40.0,2028.0,986.0,166.0,848.0,3472.0,160.0,2167.0,80.0,23673.0,2606.0,2213.0,2283.0,750.0,788.0,1996.0,165.0,9679.0,154.0,6494.0,72.0,578.0,306.0,23673.0,1043.0,12418.0,2364.0,104.0,518.0,156.0,57.0,55.0,146.0,21223.0,348.0,27.0,843.0,1993.0,1465.0,409.0,457.0,1536.0,285.0,436.0,868.0,153.0,1301.0,592.0,3317.0
PT,3367.0,667.0,478.0,723.0,481.0,751.0,971.0,1642.0,20874.0,386.0,441.0,706.0,1172.0,592.0,322.0,750.0,156.0,727.0,585.0,5150.0,181.0,197.0,3146.0,5058.0,1657.0,854.0,190.0,440.0,3006.0,3158.0,329.0,634.0,1853.0,1464.0,1835.0,382.0,3103.0,150.0,3709.0,765.0,527.0,675.0,3233.0,158.0,267.0,272.0,121.0,242.0,311.0,242.0,480.0,38.0,2553.0,625.0,196.0,311.0,3379.0,376.0,3047.0,134.0,20874.0,2412.0,1991.0,1761.0,1084.0,1685.0,1767.0,165.0,10231.0,269.0,6883.0,109.0,938.0,426.0,20874.0,1339.0,8580.0,2029.0,107.0,787.0,182.0,134.0,88.0,84.0,18833.0,278.0,21.0,623.0,1422.0,1602.0,479.0,388.0,903.0,222.0,512.0,1235.0,83.0,605.0,751.0,3497.0
IN,3280.0,322.0,7756.0,256.0,344.0,518.0,923.0,1523.0,33633.0,277.0,185.0,923.0,449.0,758.0,162.0,989.0,220.0,311.0,479.0,33633.0,120.0,151.0,2451.0,5169.0,2505.0,983.0,134.0,380.0,2292.0,2446.0,1261.0,325.0,2008.0,2265.0,2576.0,407.0,2318.0,230.0,3484.0,233.0,602.0,386.0,2530.0,70.0,252.0,481.0,133.0,194.0,60.0,167.0,251.0,100.0,1826.0,563.0,53.0,531.0,3276.0,59.0,3529.0,69.0,33633.0,2584.0,2626.0,2618.0,768.0,1061.0,2941.0,85.0,33633.0,117.0,9257.0,95.0,483.0,322.0,33633.0,2457.0,9291.0,1719.0,60.0,945.0,110.0,25.0,74.0,165.0,23924.0,741.0,22.0,663.0,3162.0,2350.0,426.0,313.0,1119.0,79.0,430.0,882.0,32.0,809.0,635.0,3484.0
TR,2911.0,719.0,1075.0,393.0,334.0,380.0,696.0,1491.0,25734.0,320.0,108.0,645.0,520.0,464.0,198.0,701.0,199.0,417.0,598.0,7799.0,113.0,157.0,2874.0,5533.0,1459.0,729.0,249.0,233.0,2666.0,2794.0,747.0,318.0,2226.0,1172.0,2292.0,452.0,2714.0,188.0,3409.0,438.0,531.0,411.0,2951.0,84.0,279.0,298.0,88.0,273.0,109.0,213.0,577.0,36.0,2036.0,588.0,86.0,871.0,2932.0,250.0,2291.0,196.0,25734.0,3277.0,3346.0,2312.0,690.0,1002.0,1566.0,68.0,11156.0,130.0,9002.0,117.0,768.0,301.0,25734.0,1311.0,6785.0,1524.0,176.0,799.0,90.0,56.0,57.0,75.0,23110.0,353.0,22.0,907.0,1757.0,1258.0,505.0,414.0,1203.0,214.0,409.0,767.0,256.0,1020.0,547.0,4152.0
SE,2625.0,1259.0,566.0,2272.0,891.0,743.0,1059.0,2425.0,31553.0,1210.0,375.0,854.0,714.0,304.0,488.0,768.0,427.0,656.0,566.0,4893.0,816.0,261.0,3811.0,4053.0,2115.0,1141.0,457.0,321.0,3631.0,3741.0,568.0,259.0,2761.0,1534.0,3008.0,329.0,3789.0,675.0,2962.0,374.0,534.0,401.0,3800.0,257.0,471.0,921.0,209.0,844.0,396.0,427.0,334.0,66.0,1973.0,1211.0,436.0,5311.0,2675.0,301.0,2109.0,351.0,31553.0,1952.0,3303.0,2994.0,1426.0,1165.0,1482.0,198.0,15303.0,298.0,7812.0,279.0,628.0,571.0,31553.0,1012.0,18462.0,5325.0,369.0,1125.0,282.0,101.0,86.0,215.0,26260.0,335.0,19.0,901.0,1723.0,1874.0,303.0,165.0,1357.0,429.0,760.0,1390.0,122.0,1098.0,973.0,2730.0
CO,2451.0,799.0,3884.0,986.0,2062.0,1592.0,1240.0,5891.0,36699.0,1383.0,1854.0,1616.0,837.0,1316.0,1450.0,1825.0,886.0,622.0,1418.0,11613.0,368.0,492.0,7671.0,5486.0,4217.0,2042.0,501.0,1134.0,7471.0,7758.0,1629.0,401.0,3328.0,4003.0,3514.0,812.0,7540.0,348.0,2766.0,528.0,518.0,742.0,7878.0,180.0,1029.0,752.0,221.0,353.0,206.0,264.0,434.0,155.0,4055.0,391.0,202.0,147.0,2451.0,142.0,4183.0,326.0,36699.0,3675.0,1916.0,3581.0,2664.0,1839.0,2824.0,240.0,16162.0,297.0,6903.0,334.0,900.0,479.0,36699.0,3663.0,23934.0,3348.0,64.0,1639.0,215.0,31.0,285.0,393.0,34045.0,328.0,224.0,1273.0,3007.0,4128.0,153.0,380.0,2068.0,497.0,616.0,1394.0,1334.0,1653.0,2044.0,4929.0
BE,1983.0,788.0,1291.0,1044.0,512.0,908.0,749.0,1728.0,21712.0,264.0,509.0,573.0,506.0,469.0,311.0,752.0,499.0,333.0,746.0,4240.0,211.0,168.0,3048.0,3751.0,2025.0,769.0,222.0,266.0,2781.0,2891.0,340.0,216.0,1772.0,1832.0,1738.0,536.0,2816.0,224.0,2200.0,327.0,366.0,648.0,2978.0,209.0,342.0,669.0,319.0,375.0,247.0,161.0,236.0,140.0,1812.0,571.0,211.0,311.0,1996.0,101.0,2420.0,74.0,21712.0,2250.0,1875.0,1612.0,916.0,1038.0,1780.0,199.0,9588.0,135.0,5685.0,101.0,675.0,395.0,21712.0,1588.0,9914.0,1398.0,144.0,724.0,144.0,31.0,80.0,159.0,18889.0,466.0,116.0,841.0,1663.0,1924.0,813.0,396.0,1261.0,184.0,484.0,959.0,173.0,904.0,700.0,2930.0
MX,1890.0,470.0,2711.0,618.0,665.0,562.0,498.0,1738.0,18264.0,524.0,605.0,484.0,323.0,432.0,342.0,503.0,637.0,204.0,662.0,4202.0,310.0,257.0,2413.0,2854.0,1700.0,1270.0,293.0,385.0,2333.0,2442.0,799.0,186.0,1965.0,1492.0,2189.0,589.0,2371.0,243.0,1997.0,197.0,202.0,317.0,2552.0,97.0,449.0,492.0,160.0,233.0,83.0,150.0,166.0,59.0,1897.0,308.0,102.0,143.0,1890.0,107.0,1435.0,130.0,18264.0,1364.0,848.0,2293.0,914.0,726.0,1253.0,184.0,7393.0,99.0,3613.0,124.0,337.0,534.0,18264.0,1079.0,7444.0,1091.0,46.0,613.0,104.0,16.0,28.0,89.0,15041.0,141.0,72.0,664.0,1314.0,1576.0,275.0,139.0,906.0,176.0,618.0,693.0,283.0,701.0,566.0,2502.0
DK,1814.0,638.0,387.0,863.0,457.0,417.0,917.0,1770.0,15490.0,748.0,503.0,469.0,385.0,214.0,370.0,516.0,255.0,295.0,357.0,4019.0,252.0,185.0,3375.0,3479.0,1424.0,605.0,212.0,193.0,3326.0,3413.0,361.0,145.0,1698.0,1139.0,1669.0,220.0,3406.0,142.0,2080.0,241.0,232.0,279.0,3447.0,119.0,669.0,222.0,169.0,526.0,320.0,214.0,257.0,48.0,1210.0,561.0,335.0,619.0,1829.0,113.0,1458.0,129.0,15490.0,2106.0,1910.0,1693.0,923.0,766.0,1113.0,159.0,6514.0,179.0,5182.0,127.0,329.0,725.0,15490.0,828.0,7798.0,790.0,199.0,756.0,243.0,31.0,36.0,51.0,13711.0,211.0,16.0,550.0,1266.0,1259.0,289.0,122.0,878.0,200.0,814.0,829.0,99.0,730.0,610.0,2402.0
GR,1764.0,196.0,825.0,362.0,243.0,511.0,544.0,1042.0,17587.0,333.0,108.0,314.0,538.0,288.0,164.0,770.0,209.0,270.0,345.0,3993.0,76.0,79.0,1524.0,3040.0,1349.0,494.0,94.0,199.0,1388.0,1475.0,373.0,332.0,1725.0,1202.0,1881.0,226.0,1421.0,113.0,1964.0,229.0,280.0,447.0,1537.0,92.0,230.0,468.0,90.0,197.0,270.0,100.0,251.0,18.0,1003.0,340.0,29.0,217.0,1768.0,62.0,1963.0,190.0,17587.0,1610.0,1532.0,1885.0,587.0,866.0,1260.0,75.0,6643.0,99.0,4962.0,101.0,383.0,329.0,17587.0,1308.0,6144.0,1025.0,65.0,498.0,183.0,34.0,92.0,82.0,15861.0,246.0,23.0,567.0,1296.0,1259.0,484.0,373.0,828.0,178.0,391.0,536.0,67.0,627.0,452.0,2100.0
AR,1733.0,184.0,2929.0,474.0,386.0,463.0,662.0,2954.0,25884.0,395.0,1155.0,505.0,322.0,427.0,625.0,821.0,1144.0,223.0,1186.0,9131.0,186.0,116.0,3548.0,2621.0,2234.0,1080.0,236.0,394.0,3439.0,3616.0,563.0,534.0,2005.0,2064.0,2383.0,506.0,3461.0,106.0,1966.0,177.0,255.0,646.0,3751.0,75.0,923.0,954.0,59.0,242.0,86.0,100.0,301.0,186.0,1361.0,191.0,82.0,83.0,1733.0,105.0,2219.0,132.0,25884.0,1107.0,822.0,2543.0,993.0,1088.0,1839.0,265.0,11940.0,52.0,2593.0,131.0,407.0,748.0,25884.0,1872.0,14559.0,1667.0,63.0,1050.0,132.0,12.0,204.0,50.0,24148.0,199.0,56.0,935.0,1938.0,2121.0,276.0,156.0,1250.0,243.0,918.0,781.0,359.0,928.0,632.0,1855.0
KR,1711.0,653.0,1125.0,189.0,321.0,563.0,571.0,1212.0,19999.0,424.0,30.0,518.0,446.0,522.0,113.0,728.0,156.0,252.0,1043.0,4699.0,62.0,164.0,2959.0,4294.0,1555.0,477.0,135.0,244.0,2855.0,2968.0,573.0,274.0,1616.0,1293.0,1668.0,188.0,2941.0,120.0,1796.0,143.0,176.0,381.0,3112.0,99.0,112.0,394.0,244.0,103.0,154.0,93.0,89.0,129.0,1940.0,279.0,87.0,180.0,1716.0,127.0,1661.0,105.0,19999.0,2969.0,1829.0,1698.0,750.0,892.0,1204.0,49.0,7148.0,64.0,7064.0,74.0,319.0,215.0,19999.0,773.0,8343.0,1342.0,88.0,436.0,117.0,15.0,23.0,79.0,18031.0,322.0,52.0,616.0,1174.0,1379.0,1357.0,273.0,1017.0,113.0,334.0,760.0,72.0,809.0,549.0,3639.0
TW,1507.0,261.0,3377.0,266.0,124.0,405.0,498.0,910.0,17333.0,290.0,93.0,336.0,320.0,246.0,222.0,748.0,339.0,154.0,846.0,3993.0,50.0,125.0,1612.0,2634.0,1259.0,425.0,75.0,323.0,1554.0,1724.0,323.0,199.0,1385.0,1174.0,1556.0,223.0,1658.0,116.0,1619.0,152.0,187.0,360.0,1874.0,62.0,123.0,375.0,99.0,116.0,80.0,65.0,115.0,121.0,1204.0,289.0,12.0,127.0,1511.0,27.0,1687.0,97.0,17333.0,1339.0,1198.0,1558.0,767.0,643.0,1374.0,23.0,6132.0,20.0,4485.0,60.0,232.0,172.0,17333.0,991.0,6812.0,1344.0,56.0,529.0,150.0,10.0,51.0,79.0,15295.0,406.0,43.0,528.0,1297.0,1215.0,301.0,230.0,941.0,85.0,200.0,669.0,100.0,788.0,550.0,1787.0
AT,1492.0,589.0,885.0,509.0,294.0,642.0,471.0,1001.0,15552.0,285.0,106.0,346.0,375.0,200.0,208.0,470.0,263.0,213.0,597.0,3086.0,103.0,111.0,1693.0,2527.0,1152.0,456.0,234.0,142.0,1583.0,1659.0,376.0,168.0,1709.0,988.0,1807.0,248.0,1645.0,131.0,1658.0,192.0,145.0,367.0,1695.0,117.0,210.0,573.0,106.0,251.0,157.0,120.0,192.0,67.0,981.0,217.0,113.0,239.0,1494.0,74.0,1462.0,63.0,15552.0,1307.0,1293.0,1690.0,534.0,780.0,1265.0,72.0,6612.0,101.0,3434.0,65.0,327.0,308.0,15552.0,976.0,7691.0,895.0,78.0,560.0,92.0,49.0,41.0,140.0,13954.0,345.0,43.0,658.0,1217.0,1048.0,468.0,348.0,914.0,170.0,361.0,535.0,124.0,732.0,407.0,1801.0
IL,1400.0,481.0,750.0,426.0,376.0,643.0,702.0,1716.0,15667.0,383.0,239.0,480.0,404.0,905.0,272.0,801.0,526.0,302.0,595.0,3540.0,82.0,101.0,2406.0,2636.0,1604.0,666.0,125.0,260.0,2283.0,2371.0,330.0,310.0,1635.0,1460.0,1748.0,310.0,2333.0,79.0,1518.0,264.0,118.0,336.0,2448.0,85.0,302.0,572.0,167.0,139.0,132.0,94.0,171.0,87.0,1276.0,305.0,115.0,121.0,1406.0,41.0,1542.0,86.0,15667.0,1544.0,1061.0,1739.0,950.0,767.0,1162.0,88.0,5772.0,74.0,3316.0,99.0,506.0,291.0,15667.0,1118.0,6143.0,872.0,60.0,626.0,153.0,33.0,137.0,148.0,14152.0,288.0,48.0,557.0,1153.0,1540.0,363.0,247.0,1070.0,181.0,352.0,628.0,142.0,871.0,769.0,2052.0
IE,1383.0,503.0,1372.0,534.0,347.0,435.0,471.0,1492.0,15358.0,296.0,630.0,442.0,447.0,254.0,226.0,367.0,352.0,196.0,355.0,3050.0,173.0,142.0,2615.0,2740.0,1432.0,797.0,124.0,370.0,2483.0,2591.0,196.0,168.0,1542.0,1279.0,1827.0,202.0,2594.0,108.0,1491.0,178.0,245.0,182.0,2687.0,62.0,219.0,339.0,168.0,187.0,110.0,106.0,130.0,116.0,1711.0,368.0,204.0,193.0,1391.0,78.0,2368.0,124.0,15358.0,1791.0,897.0,1805.0,735.0,471.0,765.0,122.0,6482.0,109.0,3856.0,112.0,364.0,286.0,15358.0,1879.0,7381.0,822.0,114.0,564.0,116.0,140.0,64.0,104.0,14176.0,284.0,318.0,449.0,777.0,1388.0,203.0,125.0,666.0,120.0,335.0,685.0,209.0,519.0,483.0,2327.0
RU,1345.0,427.0,611.0,156.0,338.0,289.0,633.0,1019.0,14156.0,306.0,143.0,321.0,326.0,450.0,118.0,334.0,117.0,281.0,469.0,2666.0,58.0,82.0,1493.0,2277.0,1066.0,422.0,73.0,198.0,1424.0,1482.0,1508.0,198.0,1683.0,914.0,1883.0,234.0,1458.0,65.0,1468.0,182.0,127.0,332.0,1572.0,63.0,72.0,352.0,37.0,80.0,71.0,78.0,153.0,54.0,1548.0,245.0,34.0,86.0,1343.0,192.0,1229.0,80.0,14156.0,1201.0,869.0,1882.0,454.0,666.0,871.0,18.0,4694.0,70.0,2931.0,12.0,257.0,147.0,14156.0,640.0,6759.0,741.0,54.0,297.0,49.0,8.0,20.0,122.0,11867.0,256.0,21.0,564.0,873.0,971.0,306.0,258.0,779.0,82.0,211.0,453.0,66.0,680.0,343.0,2183.0
FI,1293.0,389.0,351.0,533.0,252.0,319.0,425.0,925.0,9226.0,346.0,243.0,216.0,247.0,211.0,192.0,467.0,236.0,156.0,355.0,2088.0,202.0,206.0,1589.0,2064.0,1204.0,659.0,105.0,137.0,1474.0,1551.0,304.0,145.0,1489.0,1036.0,1638.0,115.0,1510.0,111.0,1448.0,262.0,138.0,194.0,1614.0,81.0,222.0,209.0,103.0,232.0,131.0,146.0,163.0,60.0,1032.0,358.0,108.0,190.0,1297.0,116.0,1022.0,123.0,9226.0,1058.0,1081.0,1706.0,543.0,460.0,525.0,46.0,4154.0,93.0,2577.0,82.0,423.0,298.0,9226.0,753.0,4732.0,424.0,131.0,435.0,135.0,29.0,41.0,43.0,8132.0,179.0,31.0,307.0,569.0,1078.0,302.0,105.0,600.0,91.0,346.0,413.0,99.0,454.0,394.0,1582.0
CZ,1292.0,432.0,381.0,411.0,197.0,539.0,418.0,694.0,11021.0,96.0,60.0,386.0,301.0,230.0,152.0,261.0,178.0,117.0,419.0,2793.0,65.0,95.0,1204.0,2103.0,938.0,292.0,138.0,100.0,1136.0,1198.0,149.0,234.0,1188.0,727.0,1128.0,288.0,1184.0,105.0,1479.0,194.0,216.0,416.0,1233.0,81.0,109.0,361.0,75.0,121.0,77.0,117.0,222.0,15.0,923.0,292.0,109.0,210.0,1294.0,58.0,1164.0,35.0,11021.0,1093.0,1372.0,1131.0,437.0,676.0,1183.0,139.0,4951.0,93.0,3927.0,37.0,265.0,171.0,11021.0,841.0,5506.0,805.0,71.0,545.0,76.0,33.0,47.0,73.0,10124.0,317.0,5.0,466.0,1105.0,803.0,554.0,308.0,804.0,73.0,204.0,483.0,40.0,483.0,342.0,1520.0
PR,1222.0,273.0,212.0,389.0,484.0,330.0,152.0,2318.0,10013.0,346.0,326.0,221.0,402.0,238.0,365.0,274.0,156.0,439.0,104.0,5971.0,110.0,94.0,3252.0,1922.0,871.0,328.0,141.0,224.0,2983.0,3060.0,91.0,49.0,783.0,770.0,901.0,201.0,2993.0,85.0,1451.0,301.0,59.0,72.0,3080.0,86.0,120.0,222.0,94.0,122.0,55.0,54.0,254.0,936.0,676.0,75.0,41.0,17.0,1220.0,135.0,891.0,81.0,10013.0,890.0,124.0,944.0,648.0,477.0,164.0,53.0,7173.0,43.0,2195.0,57.0,1324.0,81.0,10013.0,733.0,5232.0,191.0,46.0,481.0,28.0,18.0,222.0,56.0,9599.0,37.0,55.0,155.0,187.0,816.0,23.0,16.0,531.0,31.0,91.0,336.0,135.0,390.0,428.0,1040.0
ZA,1158.0,280.0,2491.0,261.0,264.0,262.0,284.0,961.0,14087.0,218.0,365.0,252.0,214.0,152.0,159.0,175.0,268.0,136.0,414.0,3010.0,96.0,99.0,1497.0,1677.0,932.0,732.0,148.0,139.0,1455.0,1511.0,311.0,129.0,1184.0,802.0,1360.0,170.0,1480.0,68.0,1259.0,101.0,195.0,198.0,1585.0,29.0,147.0,418.0,58.0,144.0,58.0,63.0,119.0,35.0,566.0,162.0,62.0,142.0,1164.0,34.0,2295.0,78.0,14087.0,715.0,655.0,1373.0,447.0,454.0,1184.0,71.0,5424.0,63.0,2304.0,56.0,230.0,233.0,14087.0,662.0,5604.0,1103.0,58.0,425.0,67.0,18.0,18.0,39.0,11346.0,282.0,268.0,425.0,1295.0,984.0,77.0,29.0,552.0,69.0,277.0,308.0,169.0,417.0,293.0,975.0
NO,1146.0,386.0,341.0,403.0,341.0,325.0,441.0,928.0,10303.0,346.0,210.0,229.0,322.0,153.0,165.0,384.0,109.0,138.0,303.0,2190.0,200.0,127.0,1556.0,1970.0,871.0,381.0,246.0,100.0,1490.0,1543.0,308.0,124.0,1093.0,693.0,1114.0,156.0,1525.0,120.0,1283.0,129.0,165.0,176.0,1572.0,51.0,213.0,220.0,88.0,271.0,189.0,125.0,102.0,27.0,786.0,296.0,127.0,245.0,1147.0,73.0,1002.0,106.0,10303.0,1127.0,1248.0,1110.0,527.0,454.0,808.0,92.0,4612.0,104.0,2889.0,73.0,214.0,295.0,10303.0,603.0,4435.0,609.0,117.0,330.0,105.0,27.0,53.0,109.0,9223.0,214.0,13.0,397.0,877.0,758.0,375.0,157.0,681.0,106.0,341.0,344.0,66.0,598.0,371.0,1361.0
RO,916.0,345.0,735.0,347.0,330.0,270.0,354.0,942.0,9763.0,360.0,243.0,408.0,251.0,350.0,118.0,318.0,100.0,236.0,222.0,2452.0,112.0,161.0,1345.0,1511.0,968.0,383.0,121.0,176.0,1258.0,1323.0,410.0,226.0,1068.0,872.0,1000.0,310.0,1273.0,100.0,1003.0,146.0,132.0,478.0,1438.0,41.0,118.0,367.0,66.0,81.0,78.0,94.0,133.0,124.0,688.0,200.0,86.0,131.0,908.0,72.0,979.0,76.0,9763.0,830.0,696.0,986.0,503.0,621.0,843.0,45.0,3506.0,100.0,2245.0,38.0,244.0,124.0,9763.0,554.0,4838.0,781.0,76.0,422.0,41.0,13.0,40.0,111.0,8108.0,203.0,11.0,340.0,886.0,901.0,185.0,238.0,547.0,140.0,164.0,387.0,51.0,420.0,449.0,1095.0
HU,763.0,346.0,607.0,289.0,174.0,490.0,525.0,722.0,8753.0,215.0,221.0,314.0,224.0,391.0,136.0,400.0,144.0,130.0,350.0,2024.0,48.0,55.0,1105.0,1534.0,896.0,505.0,80.0,220.0,1039.0,1124.0,268.0,207.0,1324.0,801.0,1386.0,308.0,1092.0,101.0,855.0,135.0,135.0,500.0,1187.0,77.0,131.0,393.0,64.0,152.0,62.0,46.0,108.0,51.0,639.0,251.0,41.0,104.0,766.0,51.0,689.0,126.0,8753.0,929.0,801.0,1376.0,445.0,580.0,1066.0,106.0,3401.0,75.0,2104.0,44.0,205.0,301.0,8753.0,483.0,4387.0,453.0,51.0,415.0,80.0,36.0,30.0,84.0,7383.0,200.0,12.0,470.0,924.0,849.0,331.0,233.0,579.0,51.0,336.0,478.0,36.0,441.0,346.0,1233.0
NZ,721.0,176.0,520.0,182.0,142.0,121.0,227.0,470.0,6405.0,115.0,240.0,135.0,154.0,46.0,89.0,132.0,116.0,76.0,138.0,1123.0,131.0,67.0,989.0,1312.0,597.0,355.0,95.0,75.0,915.0,944.0,160.0,64.0,675.0,490.0,796.0,70.0,940.0,78.0,773.0,48.0,109.0,79.0,960.0,22.0,100.0,179.0,64.0,79.0,49.0,50.0,72.0,16.0,710.0,188.0,61.0,146.0,740.0,47.0,437.0,40.0,6405.0,772.0,485.0,708.0,222.0,160.0,451.0,37.0,2691.0,48.0,1623.0,31.0,166.0,165.0,6405.0,304.0,2382.0,397.0,34.0,147.0,29.0,38.0,29.0,43.0,5732.0,111.0,131.0,150.0,480.0,546.0,101.0,40.0,453.0,63.0,174.0,230.0,55.0,358.0,155.0,881.0
HR,684.0,242.0,197.0,216.0,175.0,196.0,290.0,477.0,6255.0,132.0,93.0,198.0,206.0,209.0,79.0,210.0,42.0,177.0,112.0,1085.0,53.0,86.0,806.0,1141.0,464.0,231.0,87.0,89.0,764.0,797.0,165.0,70.0,719.0,399.0,787.0,110.0,832.0,492.0,803.0,249.0,186.0,190.0,817.0,32.0,94.0,125.0,63.0,124.0,67.0,58.0,122.0,10.0,448.0,243.0,66.0,938.0,685.0,86.0,431.0,38.0,6255.0,572.0,450.0,782.0,336.0,394.0,412.0,25.0,2552.0,68.0,1604.0,37.0,292.0,92.0,6255.0,241.0,3975.0,459.0,73.0,334.0,59.0,5.0,17.0,63.0,5294.0,116.0,8.0,126.0,410.0,404.0,322.0,126.0,318.0,65.0,109.0,255.0,29.0,259.0,210.0,706.0
TH,560.0,85.0,936.0,155.0,36.0,122.0,123.0,170.0,5597.0,38.0,18.0,94.0,125.0,44.0,18.0,128.0,52.0,39.0,172.0,1171.0,4.0,24.0,323.0,954.0,288.0,99.0,21.0,35.0,308.0,343.0,103.0,25.0,371.0,273.0,410.0,69.0,333.0,38.0,589.0,41.0,58.0,88.0,377.0,7.0,36.0,154.0,14.0,43.0,18.0,20.0,46.0,9.0,372.0,48.0,8.0,62.0,562.0,20.0,782.0,35.0,5597.0,468.0,534.0,408.0,114.0,209.0,526.0,11.0,1820.0,8.0,1388.0,19.0,63.0,101.0,5597.0,362.0,1804.0,536.0,19.0,106.0,15.0,7.0,4.0,18.0,3961.0,362.0,5.0,177.0,526.0,278.0,162.0,60.0,313.0,33.0,120.0,138.0,17.0,240.0,78.0,626.0
CL,536.0,215.0,621.0,189.0,239.0,209.0,133.0,735.0,6152.0,164.0,151.0,248.0,94.0,95.0,136.0,188.0,148.0,85.0,205.0,1437.0,55.0,65.0,1052.0,973.0,561.0,325.0,85.0,106.0,1010.0,1049.0,121.0,49.0,508.0,504.0,521.0,119.0,1020.0,51.0,599.0,104.0,98.0,133.0,1083.0,37.0,98.0,120.0,37.0,79.0,47.0,28.0,88.0,155.0,543.0,117.0,72.0,62.0,536.0,20.0,524.0,91.0,6152.0,585.0,368.0,528.0,361.0,221.0,344.0,54.0,2158.0,35.0,1182.0,35.0,179.0,138.0,6152.0,416.0,2952.0,826.0,22.0,242.0,69.0,7.0,21.0,40.0,5034.0,83.0,33.0,213.0,345.0,513.0,69.0,26.0,285.0,69.0,188.0,262.0,69.0,215.0,269.0,731.0
IR,514.0,97.0,77.0,38.0,63.0,56.0,69.0,152.0,2911.0,46.0,11.0,140.0,28.0,58.0,12.0,69.0,5.0,29.0,38.0,921.0,27.0,22.0,322.0,754.0,149.0,70.0,49.0,23.0,302.0,320.0,42.0,36.0,195.0,125.0,200.0,36.0,308.0,71.0,535.0,31.0,61.0,73.0,324.0,6.0,19.0,22.0,26.0,31.0,19.0,20.0,37.0,3.0,292.0,63.0,5.0,325.0,514.0,20.0,226.0,14.0,2911.0,324.0,699.0,202.0,109.0,87.0,183.0,14.0,1514.0,24.0,1322.0,18.0,52.0,29.0,2911.0,112.0,382.0,167.0,20.0,47.0,16.0,15.0,2.0,14.0,2632.0,61.0,1.0,107.0,208.0,127.0,42.0,71.0,177.0,5.0,48.0,160.0,2.0,160.0,99.0,492.0
SG,458.0,75.0,744.0,37.0,55.0,98.0,226.0,211.0,6400.0,123.0,35.0,80.0,458.0,28.0,17.0,108.0,55.0,145.0,115.0,907.0,13.0,13.0,558.0,849.0,168.0,88.0,16.0,44.0,539.0,593.0,113.0,47.0,228.0,142.0,262.0,36.0,578.0,42.0,483.0,54.0,88.0,53.0,618.0,14.0,10.0,92.0,20.0,25.0,22.0,11.0,48.0,1.0,518.0,73.0,7.0,137.0,454.0,80.0,382.0,24.0,6400.0,508.0,362.0,261.0,193.0,511.0,259.0,14.0,2855.0,10.0,1534.0,21.0,81.0,56.0,6400.0,222.0,3090.0,269.0,48.0,482.0,17.0,54.0,6.0,24.0,4654.0,92.0,2.0,89.0,234.0,159.0,59.0,45.0,156.0,30.0,61.0,210.0,15.0,118.0,125.0,600.0
SK,403.0,83.0,159.0,109.0,49.0,122.0,154.0,209.0,3859.0,34.0,15.0,89.0,123.0,101.0,59.0,81.0,33.0,42.0,130.0,713.0,26.0,21.0,376.0,642.0,285.0,113.0,37.0,56.0,359.0,378.0,157.0,96.0,427.0,220.0,416.0,109.0,369.0,51.0,432.0,49.0,76.0,185.0,424.0,14.0,39.0,267.0,23.0,59.0,56.0,13.0,31.0,9.0,287.0,170.0,20.0,72.0,404.0,23.0,404.0,9.0,3859.0,316.0,304.0,412.0,128.0,207.0,507.0,35.0,1544.0,17.0,1099.0,7.0,73.0,52.0,3859.0,265.0,1964.0,320.0,34.0,117.0,20.0,,25.0,28.0,3449.0,79.0,3.0,154.0,489.0,231.0,125.0,131.0,273.0,22.0,61.0,180.0,15.0,212.0,94.0,415.0
TN,392.0,16.0,80.0,35.0,20.0,55.0,42.0,141.0,1989.0,21.0,6.0,55.0,79.0,17.0,26.0,69.0,9.0,38.0,24.0,637.0,4.0,7.0,228.0,574.0,84.0,30.0,7.0,12.0,221.0,232.0,114.0,21.0,132.0,77.0,132.0,22.0,225.0,10.0,434.0,44.0,63.0,31.0,242.0,7.0,25.0,21.0,5.0,9.0,12.0,13.0,53.0,,124.0,24.0,17.0,28.0,393.0,21.0,181.0,2.0,1989.0,255.0,242.0,133.0,80.0,94.0,215.0,7.0,857.0,4.0,605.0,3.0,53.0,24.0,1989.0,85.0,660.0,213.0,6.0,52.0,3.0,3.0,15.0,8.0,1848.0,25.0,3.0,54.0,262.0,80.0,35.0,17.0,88.0,9.0,30.0,84.0,25.0,41.0,64.0,276.0
SA,384.0,44.0,187.0,50.0,38.0,54.0,71.0,153.0,2869.0,30.0,10.0,78.0,57.0,22.0,21.0,71.0,11.0,24.0,64.0,985.0,11.0,9.0,290.0,661.0,191.0,43.0,22.0,29.0,277.0,287.0,40.0,25.0,236.0,152.0,231.0,45.0,285.0,13.0,403.0,19.0,65.0,36.0,293.0,9.0,11.0,38.0,5.0,24.0,7.0,10.0,28.0,2.0,335.0,66.0,3.0,65.0,385.0,8.0,311.0,10.0,2869.0,384.0,340.0,229.0,70.0,73.0,329.0,12.0,1332.0,10.0,961.0,10.0,36.0,35.0,2869.0,173.0,654.0,304.0,18.0,58.0,14.0,7.0,4.0,11.0,2488.0,69.0,2.0,102.0,316.0,169.0,127.0,52.0,136.0,,41.0,131.0,6.0,101.0,58.0,503.0
PH,363.0,41.0,1018.0,25.0,64.0,54.0,223.0,235.0,5432.0,67.0,43.0,101.0,81.0,133.0,21.0,108.0,31.0,43.0,348.0,491.0,8.0,25.0,356.0,582.0,287.0,128.0,11.0,67.0,346.0,372.0,298.0,17.0,466.0,271.0,562.0,71.0,367.0,15.0,420.0,23.0,60.0,76.0,408.0,4.0,23.0,271.0,13.0,20.0,17.0,12.0,63.0,10.0,315.0,33.0,6.0,25.0,363.0,14.0,339.0,18.0,5432.0,272.0,166.0,554.0,137.0,164.0,680.0,32.0,1564.0,6.0,824.0,18.0,36.0,13.0,5432.0,168.0,1981.0,207.0,27.0,99.0,11.0,5.0,7.0,25.0,4237.0,88.0,17.0,149.0,1055.0,279.0,26.0,41.0,269.0,11.0,19.0,84.0,17.0,227.0,109.0,414.0
EG,351.0,66.0,427.0,192.0,87.0,120.0,190.0,358.0,4533.0,99.0,9.0,191.0,112.0,41.0,18.0,144.0,23.0,82.0,80.0,1038.0,8.0,23.0,494.0,769.0,375.0,156.0,27.0,71.0,459.0,491.0,75.0,93.0,463.0,344.0,568.0,74.0,484.0,28.0,440.0,59.0,126.0,226.0,512.0,28.0,35.0,95.0,20.0,34.0,18.0,25.0,108.0,29.0,363.0,47.0,6.0,27.0,347.0,21.0,240.0,46.0,4533.0,515.0,367.0,577.0,201.0,222.0,604.0,34.0,1662.0,21.0,1232.0,32.0,129.0,102.0,4533.0,130.0,2041.0,147.0,21.0,159.0,8.0,42.0,4.0,41.0,3978.0,46.0,11.0,100.0,625.0,364.0,89.0,79.0,241.0,37.0,111.0,150.0,39.0,194.0,149.0,697.0
MY,337.0,70.0,673.0,47.0,54.0,79.0,183.0,169.0,4101.0,95.0,20.0,102.0,187.0,46.0,31.0,112.0,33.0,140.0,156.0,588.0,10.0,19.0,379.0,592.0,278.0,82.0,24.0,51.0,355.0,382.0,85.0,53.0,306.0,247.0,338.0,39.0,372.0,35.0,373.0,56.0,56.0,77.0,425.0,5.0,16.0,91.0,18.0,20.0,22.0,17.0,33.0,2.0,320.0,62.0,4.0,38.0,337.0,50.0,321.0,21.0,4101.0,315.0,247.0,335.0,116.0,212.0,246.0,17.0,1391.0,14.0,1026.0,23.0,83.0,47.0,4101.0,145.0,1237.0,246.0,38.0,165.0,16.0,10.0,6.0,32.0,3213.0,167.0,4.0,119.0,232.0,259.0,63.0,53.0,251.0,35.0,62.0,189.0,7.0,198.0,81.0,420.0
HK,315.0,26.0,1778.0,19.0,25.0,45.0,57.0,86.0,3925.0,33.0,19.0,39.0,47.0,17.0,15.0,71.0,15.0,14.0,103.0,654.0,1.0,9.0,231.0,495.0,134.0,91.0,12.0,17.0,206.0,233.0,31.0,22.0,164.0,120.0,173.0,23.0,212.0,27.0,339.0,20.0,47.0,39.0,248.0,3.0,13.0,55.0,8.0,30.0,10.0,4.0,26.0,1.0,244.0,54.0,2.0,89.0,315.0,6.0,286.0,13.0,3925.0,237.0,296.0,183.0,83.0,68.0,221.0,11.0,1023.0,5.0,931.0,24.0,49.0,77.0,3925.0,144.0,681.0,192.0,9.0,61.0,22.0,4.0,3.0,5.0,2835.0,55.0,1.0,70.0,180.0,133.0,65.0,42.0,121.0,10.0,90.0,120.0,8.0,92.0,61.0,313.0
LB,313.0,110.0,333.0,192.0,80.0,163.0,190.0,392.0,3598.0,79.0,26.0,126.0,95.0,52.0,91.0,220.0,62.0,33.0,103.0,1163.0,33.0,31.0,538.0,904.0,355.0,109.0,26.0,70.0,521.0,553.0,102.0,37.0,352.0,325.0,374.0,73.0,529.0,21.0,355.0,37.0,92.0,126.0,561.0,22.0,85.0,64.0,29.0,31.0,32.0,17.0,46.0,4.0,272.0,37.0,21.0,19.0,317.0,9.0,409.0,26.0,3598.0,672.0,204.0,378.0,221.0,256.0,259.0,32.0,1820.0,24.0,674.0,32.0,60.0,36.0,3598.0,352.0,1745.0,179.0,18.0,159.0,24.0,6.0,20.0,44.0,3302.0,36.0,3.0,185.0,332.0,348.0,62.0,41.0,302.0,14.0,42.0,124.0,123.0,191.0,194.0,795.0
BG,295.0,46.0,204.0,112.0,34.0,70.0,121.0,195.0,2913.0,32.0,25.0,60.0,105.0,95.0,39.0,85.0,17.0,44.0,73.0,577.0,15.0,12.0,338.0,545.0,186.0,86.0,21.0,36.0,326.0,347.0,156.0,68.0,264.0,171.0,288.0,57.0,342.0,45.0,327.0,39.0,48.0,129.0,359.0,10.0,29.0,89.0,5.0,23.0,21.0,21.0,36.0,5.0,215.0,62.0,18.0,55.0,297.0,14.0,172.0,10.0,2913.0,302.0,235.0,281.0,109.0,168.0,304.0,6.0,935.0,28.0,647.0,9.0,50.0,16.0,2913.0,107.0,1478.0,196.0,33.0,126.0,19.0,13.0,17.0,7.0,2497.0,21.0,4.0,140.0,299.0,179.0,51.0,51.0,161.0,14.0,21.0,121.0,8.0,141.0,71.0,371.0
VE,287.0,48.0,3757.0,101.0,128.0,110.0,159.0,388.0,11356.0,114.0,254.0,99.0,71.0,101.0,83.0,142.0,152.0,38.0,168.0,1444.0,58.0,42.0,527.0,445.0,347.0,302.0,57.0,105.0,519.0,551.0,889.0,57.0,347.0,315.0,374.0,126.0,526.0,29.0,364.0,33.0,43.0,53.0,577.0,15.0,89.0,473.0,19.0,54.0,22.0,53.0,79.0,5.0,321.0,110.0,17.0,7.0,288.0,13.0,595.0,21.0,11356.0,247.0,134.0,410.0,197.0,199.0,3445.0,41.0,2929.0,22.0,1181.0,16.0,53.0,59.0,11356.0,543.0,3098.0,281.0,7.0,125.0,19.0,6.0,16.0,22.0,10915.0,390.0,22.0,217.0,3769.0,332.0,10.0,9.0,231.0,37.0,72.0,105.0,96.0,184.0,125.0,424.0
SI,256.0,106.0,143.0,138.0,51.0,107.0,273.0,353.0,3837.0,88.0,62.0,108.0,115.0,64.0,47.0,96.0,101.0,61.0,127.0,967.0,32.0,43.0,617.0,660.0,453.0,184.0,40.0,59.0,580.0,600.0,120.0,52.0,502.0,412.0,527.0,170.0,596.0,48.0,304.0,76.0,110.0,113.0,623.0,21.0,77.0,144.0,38.0,61.0,28.0,31.0,56.0,19.0,410.0,116.0,45.0,70.0,258.0,45.0,375.0,12.0,3837.0,458.0,333.0,528.0,169.0,293.0,513.0,20.0,1736.0,37.0,1076.0,17.0,132.0,114.0,3837.0,263.0,1900.0,306.0,39.0,236.0,20.0,9.0,11.0,42.0,3398.0,83.0,5.0,266.0,483.0,441.0,111.0,66.0,253.0,32.0,140.0,162.0,26.0,217.0,135.0,547.0
PE,243.0,85.0,850.0,61.0,100.0,90.0,83.0,317.0,5230.0,73.0,124.0,83.0,50.0,48.0,58.0,128.0,161.0,40.0,257.0,753.0,32.0,21.0,426.0,452.0,254.0,98.0,36.0,85.0,414.0,443.0,161.0,75.0,293.0,232.0,305.0,45.0,429.0,26.0,274.0,26.0,33.0,69.0,475.0,17.0,67.0,178.0,22.0,29.0,16.0,15.0,32.0,34.0,201.0,23.0,16.0,23.0,242.0,25.0,499.0,23.0,5230.0,265.0,110.0,316.0,183.0,133.0,257.0,21.0,1121.0,8.0,1068.0,22.0,46.0,55.0,5230.0,399.0,2229.0,171.0,8.0,100.0,17.0,2.0,4.0,22.0,3926.0,46.0,9.0,231.0,297.0,246.0,33.0,23.0,149.0,24.0,96.0,95.0,53.0,122.0,95.0,381.0
PK,201.0,28.0,1764.0,44.0,36.0,54.0,120.0,192.0,3946.0,27.0,15.0,96.0,42.0,64.0,32.0,125.0,33.0,39.0,45.0,692.0,4.0,9.0,254.0,321.0,273.0,71.0,13.0,49.0,235.0,246.0,124.0,14.0,340.0,245.0,379.0,30.0,250.0,14.0,219.0,19.0,51.0,54.0,257.0,5.0,20.0,40.0,16.0,11.0,11.0,2.0,23.0,2.0,154.0,53.0,12.0,14.0,201.0,9.0,164.0,17.0,3946.0,153.0,211.0,380.0,78.0,96.0,209.0,7.0,811.0,12.0,711.0,8.0,37.0,27.0,3946.0,114.0,2212.0,115.0,19.0,83.0,2.0,8.0,2.0,6.0,2501.0,32.0,3.0,51.0,242.0,268.0,31.0,38.0,100.0,6.0,28.0,45.0,3.0,80.0,49.0,269.0
ET,185.0,,328.0,,,,,,725.0,,12.0,,,,,,2.0,,8.0,561.0,,,,194.0,,,,3.0,,,,,,,,3.0,,,185.0,,,11.0,,,,,,,,,,,,10.0,,2.0,185.0,,541.0,1.0,725.0,,215.0,,,,135.0,,575.0,1.0,444.0,,18.0,,725.0,15.0,108.0,89.0,,,,,,,667.0,,,,133.0,,,,,1.0,,,1.0,,,
LT,181.0,54.0,28.0,15.0,20.0,21.0,63.0,99.0,1202.0,30.0,12.0,40.0,42.0,95.0,18.0,60.0,4.0,21.0,40.0,291.0,17.0,19.0,188.0,283.0,91.0,40.0,5.0,17.0,182.0,184.0,27.0,27.0,118.0,78.0,137.0,22.0,195.0,64.0,200.0,26.0,33.0,38.0,188.0,1.0,17.0,16.0,5.0,6.0,6.0,9.0,24.0,2.0,106.0,32.0,4.0,121.0,181.0,7.0,116.0,8.0,1202.0,150.0,129.0,135.0,49.0,45.0,98.0,2.0,491.0,5.0,354.0,4.0,32.0,17.0,1202.0,37.0,659.0,119.0,,40.0,8.0,2.0,2.0,3.0,1053.0,32.0,10.0,48.0,106.0,83.0,37.0,32.0,62.0,4.0,19.0,48.0,2.0,54.0,35.0,187.0
RS,172.0,55.0,70.0,63.0,35.0,53.0,82.0,94.0,1772.0,16.0,36.0,33.0,66.0,32.0,24.0,55.0,15.0,43.0,52.0,440.0,19.0,14.0,176.0,322.0,97.0,68.0,20.0,32.0,165.0,174.0,69.0,26.0,180.0,80.0,191.0,25.0,182.0,28.0,208.0,58.0,56.0,63.0,185.0,7.0,11.0,35.0,8.0,18.0,10.0,16.0,40.0,3.0,118.0,40.0,10.0,76.0,172.0,37.0,167.0,8.0,1772.0,177.0,166.0,185.0,79.0,76.0,151.0,11.0,754.0,10.0,536.0,5.0,66.0,19.0,1772.0,108.0,696.0,106.0,9.0,50.0,8.0,11.0,5.0,16.0,1560.0,25.0,1.0,114.0,162.0,84.0,59.0,44.0,124.0,8.0,23.0,75.0,6.0,105.0,47.0,207.0
MA,167.0,11.0,102.0,26.0,17.0,16.0,22.0,35.0,1084.0,10.0,5.0,31.0,32.0,16.0,9.0,34.0,2.0,15.0,,177.0,1.0,,76.0,222.0,50.0,13.0,6.0,8.0,69.0,70.0,18.0,16.0,54.0,45.0,58.0,17.0,72.0,8.0,177.0,13.0,13.0,35.0,71.0,1.0,5.0,7.0,,7.0,11.0,5.0,12.0,,75.0,17.0,4.0,12.0,167.0,3.0,39.0,4.0,1084.0,92.0,142.0,60.0,23.0,49.0,83.0,8.0,329.0,6.0,275.0,2.0,23.0,15.0,1084.0,26.0,250.0,81.0,4.0,26.0,3.0,2.0,12.0,11.0,949.0,9.0,1.0,25.0,79.0,46.0,18.0,16.0,44.0,3.0,22.0,56.0,6.0,35.0,16.0,120.0
KW,157.0,14.0,52.0,20.0,9.0,9.0,27.0,53.0,757.0,9.0,3.0,18.0,6.0,10.0,4.0,16.0,2.0,8.0,21.0,189.0,1.0,6.0,78.0,205.0,77.0,28.0,6.0,13.0,72.0,79.0,15.0,3.0,72.0,51.0,68.0,9.0,78.0,4.0,164.0,9.0,7.0,20.0,83.0,4.0,9.0,7.0,4.0,6.0,,15.0,11.0,,60.0,5.0,,4.0,157.0,15.0,89.0,3.0,757.0,72.0,66.0,71.0,32.0,15.0,37.0,4.0,298.0,3.0,209.0,4.0,14.0,12.0,757.0,48.0,326.0,80.0,9.0,15.0,,,1.0,,707.0,16.0,2.0,8.0,39.0,52.0,16.0,10.0,53.0,3.0,12.0,25.0,1.0,39.0,25.0,99.0
EC,152.0,37.0,265.0,50.0,85.0,42.0,61.0,310.0,2394.0,67.0,60.0,65.0,25.0,41.0,47.0,90.0,62.0,22.0,83.0,453.0,19.0,16.0,400.0,261.0,186.0,64.0,16.0,28.0,387.0,409.0,140.0,14.0,136.0,173.0,152.0,42.0,390.0,11.0,167.0,19.0,32.0,50.0,421.0,2.0,48.0,66.0,17.0,19.0,14.0,9.0,23.0,3.0,155.0,14.0,10.0,8.0,153.0,15.0,145.0,11.0,2394.0,149.0,53.0,154.0,149.0,95.0,228.0,14.0,745.0,11.0,439.0,12.0,38.0,26.0,2394.0,128.0,1209.0,193.0,5.0,74.0,2.0,2.0,5.0,27.0,1898.0,26.0,4.0,57.0,229.0,177.0,23.0,23.0,130.0,38.0,30.0,45.0,42.0,89.0,121.0,208.0
CR,146.0,58.0,256.0,87.0,83.0,60.0,48.0,201.0,1904.0,72.0,124.0,54.0,48.0,41.0,40.0,39.0,52.0,34.0,42.0,411.0,34.0,29.0,256.0,225.0,193.0,152.0,28.0,38.0,248.0,260.0,101.0,21.0,212.0,173.0,232.0,42.0,250.0,24.0,188.0,30.0,23.0,24.0,264.0,10.0,69.0,96.0,16.0,36.0,12.0,18.0,51.0,22.0,210.0,23.0,14.0,21.0,146.0,12.0,145.0,27.0,1904.0,108.0,64.0,239.0,122.0,95.0,124.0,15.0,950.0,20.0,343.0,23.0,52.0,82.0,1904.0,98.0,565.0,93.0,10.0,91.0,14.0,3.0,6.0,4.0,1484.0,12.0,4.0,60.0,134.0,182.0,12.0,12.0,88.0,24.0,88.0,93.0,28.0,68.0,80.0,223.0
UA,144.0,38.0,77.0,18.0,32.0,21.0,59.0,74.0,1371.0,47.0,8.0,25.0,36.0,68.0,14.0,19.0,5.0,27.0,55.0,229.0,10.0,8.0,160.0,280.0,85.0,28.0,10.0,10.0,154.0,164.0,77.0,29.0,156.0,72.0,183.0,17.0,155.0,6.0,161.0,15.0,19.0,50.0,166.0,7.0,12.0,25.0,2.0,11.0,8.0,20.0,22.0,1.0,130.0,9.0,4.0,6.0,146.0,10.0,100.0,6.0,1371.0,159.0,84.0,181.0,48.0,91.0,109.0,3.0,346.0,10.0,361.0,2.0,23.0,7.0,1371.0,22.0,705.0,90.0,10.0,49.0,6.0,3.0,1.0,10.0,1133.0,12.0,3.0,92.0,109.0,81.0,23.0,22.0,99.0,8.0,15.0,45.0,2.0,89.0,35.0,209.0
ID,139.0,119.0,1075.0,77.0,35.0,125.0,200.0,201.0,2859.0,41.0,14.0,95.0,61.0,106.0,19.0,106.0,11.0,39.0,46.0,381.0,10.0,19.0,248.0,306.0,275.0,80.0,11.0,37.0,238.0,260.0,40.0,44.0,224.0,268.0,255.0,38.0,242.0,13.0,140.0,30.0,24.0,83.0,263.0,21.0,36.0,50.0,17.0,13.0,28.0,9.0,8.0,2.0,112.0,18.0,9.0,5.0,137.0,5.0,107.0,9.0,2859.0,201.0,185.0,255.0,126.0,104.0,132.0,16.0,681.0,7.0,370.0,12.0,42.0,17.0,2859.0,70.0,715.0,310.0,4.0,83.0,5.0,,2.0,25.0,2176.0,61.0,6.0,48.0,141.0,274.0,25.0,60.0,120.0,10.0,21.0,87.0,12.0,99.0,111.0,259.0
VN,134.0,37.0,198.0,118.0,35.0,68.0,89.0,87.0,2265.0,20.0,22.0,61.0,89.0,165.0,10.0,98.0,13.0,41.0,109.0,278.0,4.0,12.0,157.0,225.0,182.0,57.0,3.0,15.0,144.0,151.0,55.0,,166.0,176.0,240.0,70.0,153.0,8.0,147.0,15.0,52.0,64.0,158.0,13.0,4.0,146.0,2.0,9.0,7.0,8.0,21.0,3.0,142.0,11.0,2.0,5.0,134.0,7.0,150.0,22.0,2265.0,106.0,139.0,236.0,57.0,53.0,212.0,4.0,387.0,11.0,301.0,6.0,27.0,6.0,2265.0,80.0,897.0,87.0,,47.0,5.0,3.0,6.0,23.0,1231.0,33.0,2.0,52.0,231.0,181.0,53.0,33.0,166.0,6.0,6.0,80.0,5.0,115.0,39.0,191.0
KE,119.0,6.0,334.0,9.0,18.0,16.0,13.0,30.0,917.0,7.0,14.0,16.0,11.0,7.0,4.0,16.0,3.0,8.0,10.0,150.0,2.0,4.0,50.0,145.0,42.0,16.0,5.0,6.0,50.0,53.0,5.0,5.0,58.0,39.0,63.0,,51.0,2.0,121.0,3.0,5.0,34.0,55.0,1.0,5.0,5.0,3.0,2.0,3.0,,4.0,1.0,40.0,10.0,2.0,11.0,119.0,,375.0,2.0,917.0,42.0,83.0,62.0,11.0,12.0,88.0,6.0,262.0,2.0,210.0,4.0,,3.0,917.0,40.0,363.0,42.0,7.0,20.0,4.0,,,4.0,548.0,17.0,1.0,61.0,90.0,40.0,9.0,11.0,33.0,2.0,,27.0,1.0,28.0,10.0,52.0
IS,117.0,13.0,,13.0,9.0,13.0,16.0,32.0,403.0,10.0,14.0,12.0,12.0,13.0,7.0,10.0,6.0,10.0,,122.0,8.0,2.0,57.0,140.0,51.0,23.0,6.0,7.0,56.0,62.0,11.0,7.0,45.0,41.0,43.0,,59.0,6.0,121.0,8.0,9.0,,62.0,3.0,9.0,8.0,3.0,4.0,4.0,6.0,5.0,1.0,37.0,10.0,,28.0,117.0,1.0,42.0,7.0,403.0,40.0,30.0,43.0,23.0,19.0,29.0,,218.0,5.0,119.0,2.0,11.0,4.0,403.0,16.0,135.0,92.0,,16.0,2.0,1.0,,4.0,324.0,,,14.0,34.0,47.0,5.0,,36.0,6.0,5.0,14.0,2.0,32.0,15.0,53.0
AE,116.0,45.0,85.0,49.0,41.0,30.0,52.0,162.0,1458.0,39.0,15.0,62.0,48.0,21.0,14.0,67.0,12.0,22.0,26.0,304.0,5.0,12.0,209.0,227.0,120.0,38.0,9.0,37.0,203.0,217.0,25.0,13.0,129.0,104.0,135.0,27.0,215.0,6.0,140.0,8.0,26.0,19.0,229.0,12.0,17.0,22.0,10.0,14.0,7.0,10.0,26.0,7.0,110.0,20.0,6.0,21.0,116.0,9.0,138.0,25.0,1458.0,126.0,54.0,134.0,69.0,50.0,108.0,14.0,475.0,7.0,277.0,17.0,20.0,15.0,1458.0,97.0,777.0,98.0,17.0,38.0,11.0,11.0,11.0,7.0,1338.0,17.0,5.0,31.0,88.0,111.0,20.0,16.0,69.0,16.0,22.0,42.0,26.0,55.0,54.0,172.0
NG,101.0,6.0,183.0,6.0,30.0,7.0,15.0,37.0,871.0,26.0,16.0,7.0,21.0,18.0,4.0,20.0,12.0,10.0,12.0,257.0,4.0,11.0,64.0,138.0,34.0,11.0,8.0,16.0,63.0,73.0,5.0,6.0,49.0,29.0,57.0,10.0,65.0,14.0,103.0,6.0,10.0,34.0,75.0,1.0,8.0,15.0,,10.0,2.0,3.0,,1.0,63.0,20.0,3.0,14.0,101.0,,138.0,,871.0,47.0,121.0,57.0,32.0,26.0,50.0,2.0,409.0,6.0,277.0,5.0,7.0,14.0,871.0,20.0,232.0,40.0,12.0,38.0,2.0,,,,695.0,9.0,1.0,24.0,54.0,29.0,8.0,15.0,27.0,7.0,17.0,16.0,,25.0,22.0,76.0
GH,90.0,,50.0,3.0,5.0,,10.0,12.0,370.0,,,,10.0,11.0,,,2.0,,,129.0,1.0,2.0,,101.0,17.0,,,3.0,,,,,,17.0,33.0,6.0,,,91.0,,,,23.0,,,,1.0,,2.0,,5.0,2.0,,,,,90.0,1.0,189.0,2.0,370.0,20.0,87.0,33.0,,21.0,22.0,4.0,150.0,3.0,136.0,1.0,,,370.0,12.0,129.0,,5.0,26.0,,,,1.0,328.0,,,,22.0,17.0,,,16.0,,3.0,16.0,,,,
TZ,90.0,,29.0,6.0,,,,,,,,,,,,,,,,112.0,,,,96.0,,,,4.0,,,,,,,,,,,91.0,,,,,,,,,,,,,,,,,,90.0,,124.0,,,,73.0,,,,91.0,,115.0,,,,,,,,,,,,,,,,,,1.0,,90.0,,,,,,,,,,,
UG,81.0,,149.0,6.0,18.0,27.0,8.0,29.0,1374.0,11.0,11.0,39.0,20.0,24.0,,45.0,2.0,9.0,35.0,259.0,,2.0,56.0,141.0,53.0,22.0,2.0,13.0,52.0,54.0,,20.0,133.0,48.0,124.0,7.0,52.0,6.0,86.0,7.0,17.0,68.0,60.0,3.0,5.0,9.0,2.0,,,4.0,7.0,,88.0,24.0,7.0,,81.0,,916.0,2.0,1374.0,74.0,134.0,123.0,24.0,28.0,129.0,16.0,545.0,,292.0,7.0,11.0,8.0,1374.0,46.0,554.0,52.0,4.0,31.0,5.0,,,6.0,1004.0,39.0,1.0,25.0,123.0,50.0,9.0,11.0,22.0,,9.0,54.0,,19.0,23.0,79.0
UY,78.0,20.0,130.0,27.0,21.0,51.0,14.0,104.0,1068.0,13.0,8.0,33.0,15.0,15.0,19.0,47.0,14.0,14.0,17.0,374.0,8.0,9.0,115.0,103.0,88.0,24.0,9.0,19.0,111.0,123.0,11.0,6.0,78.0,81.0,75.0,30.0,111.0,5.0,90.0,16.0,14.0,30.0,124.0,5.0,10.0,34.0,7.0,11.0,4.0,,15.0,3.0,38.0,21.0,8.0,3.0,77.0,3.0,142.0,11.0,1068.0,53.0,57.0,75.0,44.0,52.0,85.0,9.0,502.0,8.0,103.0,4.0,27.0,21.0,1068.0,126.0,496.0,52.0,2.0,45.0,4.0,3.0,4.0,6.0,1020.0,7.0,,50.0,81.0,88.0,10.0,11.0,66.0,16.0,22.0,68.0,18.0,53.0,35.0,68.0
PA,77.0,51.0,128.0,73.0,90.0,51.0,44.0,205.0,915.0,64.0,107.0,47.0,24.0,84.0,44.0,54.0,31.0,36.0,23.0,267.0,22.0,20.0,240.0,133.0,165.0,96.0,12.0,31.0,239.0,254.0,21.0,13.0,165.0,157.0,172.0,33.0,242.0,20.0,102.0,25.0,12.0,31.0,257.0,14.0,56.0,29.0,16.0,31.0,9.0,13.0,30.0,52.0,106.0,17.0,14.0,3.0,78.0,6.0,74.0,31.0,915.0,76.0,70.0,173.0,135.0,66.0,43.0,13.0,521.0,11.0,151.0,23.0,39.0,53.0,915.0,56.0,403.0,50.0,8.0,61.0,21.0,3.0,2.0,16.0,842.0,,1.0,28.0,42.0,161.0,7.0,5.0,48.0,23.0,57.0,51.0,11.0,36.0,89.0,109.0
QA,77.0,,,,,,7.0,,461.0,,,,11.0,,,8.0,,4.0,6.0,143.0,,2.0,41.0,105.0,20.0,12.0,2.0,5.0,41.0,44.0,12.0,6.0,50.0,,55.0,10.0,41.0,,80.0,3.0,8.0,15.0,45.0,2.0,,,,3.0,4.0,,4.0,,56.0,6.0,,4.0,77.0,3.0,47.0,,461.0,54.0,68.0,51.0,,17.0,30.0,,194.0,2.0,207.0,2.0,,5.0,461.0,18.0,,23.0,,10.0,7.0,1.0,1.0,,443.0,16.0,2.0,,39.0,18.0,15.0,15.0,22.0,,6.0,15.0,1.0,15.0,7.0,74.0
OM,67.0,8.0,,7.0,7.0,,14.0,21.0,580.0,9.0,,11.0,6.0,7.0,2.0,10.0,,6.0,9.0,111.0,,,44.0,102.0,46.0,9.0,3.0,6.0,41.0,42.0,7.0,4.0,37.0,32.0,38.0,30.0,43.0,3.0,72.0,6.0,10.0,9.0,46.0,,,,,,2.0,,5.0,,48.0,12.0,,,67.0,4.0,44.0,,580.0,41.0,31.0,38.0,14.0,73.0,29.0,,411.0,2.0,157.0,2.0,9.0,14.0,580.0,30.0,,23.0,6.0,12.0,,2.0,1.0,,512.0,18.0,,11.0,,32.0,15.0,17.0,43.0,3.0,14.0,13.0,,39.0,10.0,63.0
KZ,62.0,25.0,35.0,10.0,12.0,10.0,36.0,40.0,568.0,12.0,4.0,23.0,15.0,33.0,7.0,12.0,3.0,11.0,16.0,82.0,2.0,,55.0,88.0,55.0,15.0,,13.0,50.0,51.0,14.0,8.0,76.0,51.0,88.0,20.0,51.0,2.0,66.0,9.0,7.0,22.0,53.0,1.0,3.0,10.0,2.0,5.0,,5.0,6.0,2.0,69.0,8.0,,9.0,62.0,6.0,40.0,6.0,568.0,57.0,18.0,85.0,22.0,32.0,63.0,,196.0,6.0,72.0,5.0,15.0,,568.0,15.0,342.0,25.0,3.0,22.0,,1.0,1.0,5.0,500.0,5.0,,60.0,62.0,52.0,5.0,11.0,45.0,4.0,4.0,26.0,3.0,45.0,17.0,95.0
GT,60.0,34.0,248.0,52.0,55.0,37.0,43.0,181.0,1314.0,39.0,142.0,37.0,14.0,35.0,35.0,42.0,30.0,10.0,50.0,292.0,19.0,16.0,221.0,116.0,159.0,86.0,22.0,26.0,215.0,225.0,59.0,17.0,153.0,149.0,179.0,38.0,218.0,17.0,73.0,7.0,21.0,19.0,232.0,6.0,55.0,57.0,6.0,26.0,6.0,14.0,13.0,5.0,127.0,15.0,8.0,11.0,60.0,3.0,110.0,14.0,1314.0,73.0,39.0,179.0,98.0,68.0,116.0,13.0,647.0,7.0,185.0,19.0,18.0,38.0,1314.0,97.0,552.0,80.0,2.0,71.0,20.0,,3.0,6.0,969.0,,1.0,38.0,137.0,152.0,4.0,5.0,70.0,16.0,42.0,35.0,20.0,52.0,64.0,149.0
EE,59.0,28.0,39.0,17.0,18.0,14.0,15.0,44.0,663.0,14.0,11.0,17.0,15.0,20.0,7.0,24.0,8.0,12.0,19.0,129.0,9.0,4.0,86.0,118.0,41.0,12.0,3.0,16.0,84.0,87.0,27.0,10.0,77.0,36.0,67.0,6.0,87.0,7.0,68.0,11.0,5.0,16.0,90.0,2.0,4.0,50.0,2.0,3.0,4.0,3.0,11.0,,59.0,42.0,6.0,11.0,59.0,5.0,67.0,3.0,663.0,76.0,46.0,69.0,31.0,48.0,66.0,,262.0,4.0,144.0,3.0,13.0,11.0,663.0,43.0,436.0,29.0,6.0,34.0,10.0,2.0,,5.0,598.0,27.0,,35.0,64.0,39.0,8.0,10.0,74.0,6.0,14.0,20.0,2.0,63.0,24.0,100.0
LK,55.0,,48.0,4.0,10.0,,13.0,13.0,306.0,,2.0,,4.0,,,13.0,,,7.0,85.0,,,36.0,93.0,21.0,6.0,,,35.0,36.0,17.0,11.0,31.0,14.0,34.0,,36.0,4.0,57.0,,9.0,,37.0,,,,,,,6.0,4.0,,40.0,8.0,,11.0,55.0,2.0,,,306.0,47.0,60.0,36.0,,12.0,25.0,,136.0,,135.0,,5.0,4.0,306.0,19.0,,38.0,6.0,8.0,5.0,,,3.0,243.0,12.0,,10.0,33.0,18.0,,6.0,,2.0,5.0,14.0,,10.0,,59.0
JO,53.0,4.0,29.0,12.0,8.0,12.0,16.0,27.0,453.0,7.0,2.0,7.0,9.0,8.0,6.0,11.0,,,6.0,144.0,2.0,,45.0,98.0,25.0,10.0,2.0,4.0,45.0,46.0,7.0,,30.0,22.0,36.0,,45.0,3.0,57.0,6.0,11.0,,47.0,,8.0,10.0,,8.0,4.0,3.0,5.0,,40.0,,,2.0,53.0,1.0,36.0,3.0,453.0,53.0,43.0,33.0,10.0,11.0,31.0,2.0,195.0,3.0,184.0,,7.0,4.0,453.0,18.0,141.0,30.0,3.0,9.0,,2.0,2.0,4.0,417.0,31.0,1.0,12.0,28.0,24.0,25.0,,29.0,,4.0,12.0,1.0,28.0,9.0,72.0
IQ,51.0,25.0,,43.0,29.0,16.0,28.0,70.0,341.0,19.0,7.0,28.0,27.0,6.0,27.0,42.0,4.0,14.0,6.0,140.0,21.0,11.0,79.0,79.0,45.0,22.0,,21.0,78.0,81.0,,3.0,55.0,38.0,55.0,16.0,81.0,3.0,62.0,10.0,16.0,21.0,83.0,7.0,4.0,5.0,6.0,6.0,6.0,4.0,17.0,,27.0,,5.0,2.0,55.0,4.0,47.0,3.0,341.0,42.0,,53.0,42.0,29.0,36.0,3.0,166.0,5.0,81.0,5.0,13.0,10.0,341.0,33.0,151.0,20.0,5.0,24.0,3.0,3.0,2.0,6.0,287.0,4.0,,21.0,26.0,38.0,9.0,10.0,31.0,2.0,10.0,27.0,30.0,25.0,39.0,48.0
LV,49.0,22.0,35.0,12.0,11.0,23.0,46.0,57.0,586.0,12.0,6.0,19.0,25.0,27.0,12.0,19.0,9.0,18.0,32.0,124.0,8.0,3.0,102.0,104.0,50.0,15.0,,10.0,100.0,106.0,22.0,9.0,69.0,45.0,77.0,26.0,107.0,8.0,56.0,18.0,14.0,20.0,106.0,4.0,4.0,24.0,1.0,4.0,6.0,6.0,6.0,1.0,56.0,23.0,3.0,11.0,49.0,7.0,81.0,5.0,586.0,66.0,24.0,68.0,45.0,43.0,66.0,,203.0,10.0,123.0,4.0,24.0,3.0,586.0,33.0,347.0,39.0,14.0,28.0,3.0,2.0,2.0,5.0,496.0,9.0,2.0,46.0,66.0,46.0,12.0,13.0,47.0,4.0,7.0,31.0,3.0,38.0,28.0,76.0
DZ,47.0,35.0,110.0,19.0,25.0,50.0,45.0,75.0,1351.0,8.0,7.0,63.0,28.0,55.0,11.0,31.0,5.0,27.0,,176.0,6.0,10.0,109.0,128.0,81.0,35.0,9.0,18.0,97.0,104.0,40.0,18.0,82.0,72.0,83.0,38.0,100.0,18.0,68.0,23.0,12.0,50.0,106.0,6.0,10.0,19.0,18.0,14.0,20.0,8.0,24.0,1.0,58.0,27.0,17.0,12.0,47.0,23.0,61.0,2.0,1351.0,102.0,156.0,83.0,46.0,67.0,88.0,7.0,432.0,3.0,188.0,7.0,36.0,13.0,1351.0,46.0,505.0,44.0,7.0,41.0,3.0,1.0,4.0,13.0,1155.0,9.0,2.0,48.0,93.0,78.0,35.0,43.0,58.0,3.0,18.0,50.0,13.0,35.0,39.0,134.0
HN,47.0,11.0,203.0,24.0,20.0,19.0,24.0,56.0,785.0,11.0,52.0,18.0,5.0,23.0,12.0,24.0,16.0,,15.0,129.0,7.0,6.0,77.0,76.0,86.0,57.0,6.0,8.0,71.0,75.0,36.0,11.0,71.0,82.0,105.0,19.0,72.0,6.0,51.0,5.0,11.0,15.0,79.0,1.0,25.0,49.0,3.0,3.0,2.0,5.0,5.0,3.0,53.0,10.0,2.0,4.0,47.0,,40.0,5.0,785.0,32.0,17.0,107.0,40.0,28.0,57.0,7.0,356.0,4.0,125.0,1.0,10.0,25.0,785.0,27.0,244.0,15.0,4.0,24.0,5.0,,,2.0,514.0,7.0,2.0,13.0,65.0,83.0,4.0,13.0,38.0,12.0,25.0,14.0,8.0,33.0,23.0,69.0
MT,45.0,17.0,29.0,5.0,6.0,,20.0,23.0,415.0,11.0,5.0,16.0,,8.0,,14.0,8.0,7.0,9.0,95.0,3.0,4.0,55.0,92.0,38.0,32.0,6.0,11.0,51.0,56.0,7.0,5.0,35.0,33.0,40.0,21.0,54.0,,49.0,4.0,18.0,,61.0,2.0,2.0,5.0,,6.0,,2.0,,1.0,45.0,32.0,4.0,18.0,45.0,,57.0,,415.0,61.0,40.0,45.0,15.0,19.0,62.0,,175.0,8.0,138.0,7.0,10.0,4.0,415.0,30.0,138.0,27.0,,11.0,3.0,1.0,2.0,3.0,358.0,10.0,,29.0,58.0,35.0,4.0,,17.0,7.0,5.0,14.0,3.0,14.0,10.0,73.0
DO,42.0,22.0,109.0,33.0,34.0,24.0,19.0,130.0,843.0,32.0,52.0,25.0,14.0,34.0,24.0,60.0,18.0,10.0,29.0,284.0,9.0,11.0,155.0,80.0,84.0,44.0,10.0,14.0,149.0,155.0,21.0,5.0,84.0,82.0,95.0,23.0,151.0,5.0,56.0,9.0,10.0,27.0,156.0,5.0,39.0,32.0,8.0,15.0,3.0,11.0,19.0,5.0,65.0,4.0,6.0,8.0,41.0,4.0,96.0,11.0,843.0,50.0,21.0,94.0,57.0,44.0,51.0,13.0,461.0,6.0,83.0,12.0,20.0,31.0,843.0,71.0,333.0,31.0,1.0,36.0,5.0,3.0,3.0,3.0,703.0,,2.0,27.0,55.0,85.0,6.0,5.0,46.0,12.0,33.0,33.0,31.0,34.0,30.0,84.0
MW,38.0,,66.0,,,7.0,,,509.0,,,,,,,,,,34.0,172.0,,2.0,25.0,101.0,17.0,,2.0,,24.0,27.0,,,20.0,14.0,22.0,,24.0,,40.0,,,39.0,31.0,,,,,,,,5.0,,18.0,,,,38.0,,389.0,2.0,509.0,68.0,66.0,20.0,14.0,25.0,34.0,3.0,220.0,2.0,191.0,,,5.0,509.0,55.0,114.0,,,15.0,,,,,475.0,44.0,1.0,,33.0,15.0,15.0,7.0,,,21.0,18.0,,,9.0,72.0
BD,35.0,6.0,282.0,3.0,7.0,21.0,40.0,53.0,1063.0,3.0,24.0,22.0,10.0,27.0,9.0,40.0,9.0,6.0,20.0,249.0,3.0,2.0,74.0,70.0,66.0,30.0,3.0,15.0,74.0,78.0,29.0,8.0,48.0,54.0,63.0,23.0,77.0,3.0,42.0,9.0,10.0,,78.0,10.0,10.0,126.0,6.0,,6.0,2.0,8.0,9.0,50.0,8.0,3.0,15.0,35.0,,57.0,1.0,1063.0,44.0,124.0,64.0,27.0,36.0,82.0,12.0,341.0,8.0,200.0,3.0,11.0,4.0,1063.0,48.0,212.0,31.0,,20.0,1.0,,,2.0,568.0,19.0,2.0,12.0,85.0,59.0,,4.0,23.0,1.0,4.0,18.0,2.0,16.0,23.0,76.0
NP,35.0,,299.0,,,,8.0,21.0,505.0,8.0,,17.0,,8.0,6.0,14.0,,,20.0,90.0,,4.0,49.0,67.0,18.0,,11.0,9.0,49.0,49.0,7.0,4.0,,18.0,25.0,4.0,51.0,7.0,42.0,,19.0,,50.0,,4.0,,,5.0,,,10.0,1.0,29.0,,3.0,22.0,35.0,2.0,,,505.0,37.0,45.0,26.0,12.0,26.0,22.0,,111.0,2.0,94.0,,,,505.0,12.0,238.0,30.0,,29.0,3.0,,,,214.0,8.0,,21.0,,18.0,7.0,4.0,16.0,,,9.0,,15.0,9.0,42.0
LU,34.0,20.0,,21.0,,11.0,12.0,30.0,524.0,,18.0,7.0,5.0,14.0,,14.0,11.0,6.0,15.0,97.0,4.0,2.0,81.0,76.0,27.0,17.0,8.0,6.0,77.0,77.0,9.0,,51.0,23.0,53.0,,78.0,2.0,36.0,19.0,10.0,,77.0,,8.0,12.0,,4.0,3.0,,,,29.0,8.0,9.0,2.0,34.0,4.0,60.0,2.0,524.0,62.0,18.0,52.0,10.0,20.0,32.0,5.0,217.0,2.0,134.0,2.0,29.0,8.0,524.0,22.0,292.0,40.0,,9.0,6.0,,1.0,1.0,480.0,6.0,,22.0,32.0,25.0,8.0,4.0,41.0,6.0,11.0,43.0,,23.0,8.0,67.0
ZW,34.0,,40.0,,6.0,7.0,,,,,,,,,,,,,6.0,,,,,40.0,21.0,,,,,,,,21.0,18.0,,,,,35.0,,,18.0,,2.0,,,,,,,,,,,,,34.0,,136.0,,,,,,,,37.0,3.0,93.0,,,,,,,,107.0,,,,,,,,,5.0,1.0,,35.0,18.0,4.0,,,,,,,,,
CY,33.0,14.0,,21.0,11.0,15.0,16.0,35.0,572.0,11.0,3.0,9.0,22.0,8.0,16.0,30.0,8.0,7.0,10.0,95.0,,4.0,66.0,70.0,46.0,9.0,7.0,4.0,61.0,64.0,20.0,4.0,72.0,43.0,74.0,10.0,61.0,,45.0,11.0,5.0,,71.0,3.0,6.0,34.0,6.0,8.0,4.0,1.0,15.0,,34.0,25.0,3.0,5.0,34.0,2.0,50.0,5.0,572.0,47.0,39.0,74.0,11.0,42.0,29.0,5.0,182.0,1.0,149.0,3.0,13.0,6.0,572.0,42.0,261.0,40.0,2.0,32.0,3.0,1.0,3.0,,528.0,,1.0,23.0,38.0,45.0,7.0,10.0,36.0,13.0,6.0,16.0,3.0,34.0,9.0,55.0
CM,30.0,,44.0,,17.0,,12.0,23.0,306.0,4.0,2.0,,7.0,32.0,5.0,22.0,,15.0,,,,,36.0,,,8.0,,,35.0,37.0,,12.0,,,,5.0,35.0,2.0,31.0,,,8.0,38.0,,4.0,,,,6.0,,5.0,3.0,,6.0,,3.0,30.0,2.0,65.0,,306.0,,,,8.0,33.0,,,,,99.0,5.0,7.0,,306.0,,101.0,,5.0,22.0,1.0,,,5.0,212.0,,,,,,,,24.0,,,25.0,,21.0,7.0,
GE,25.0,8.0,80.0,3.0,7.0,,11.0,,483.0,,,10.0,8.0,25.0,2.0,7.0,,5.0,11.0,63.0,4.0,4.0,32.0,57.0,18.0,,3.0,,31.0,35.0,8.0,4.0,31.0,17.0,36.0,6.0,31.0,2.0,32.0,,8.0,18.0,36.0,,,6.0,2.0,2.0,,7.0,8.0,,27.0,,1.0,15.0,25.0,1.0,,1.0,483.0,34.0,41.0,36.0,10.0,13.0,54.0,,88.0,,82.0,2.0,,3.0,483.0,10.0,221.0,28.0,,11.0,,,,,410.0,,1.0,24.0,55.0,17.0,4.0,20.0,34.0,2.0,4.0,10.0,3.0,31.0,8.0,40.0
KP,25.0,8.0,,,,9.0,,,301.0,,,10.0,6.0,,,,,,20.0,120.0,,,39.0,73.0,,,3.0,,35.0,35.0,7.0,3.0,22.0,,,4.0,35.0,,29.0,,,,35.0,,,,1.0,3.0,2.0,,5.0,,23.0,6.0,,4.0,25.0,3.0,40.0,,301.0,57.0,81.0,,8.0,27.0,28.0,2.0,138.0,,165.0,,6.0,,301.0,17.0,,16.0,,12.0,,,,,282.0,9.0,,,30.0,,12.0,5.0,15.0,,6.0,9.0,,11.0,,58.0
BY,24.0,8.0,,3.0,14.0,,13.0,13.0,325.0,14.0,3.0,,12.0,22.0,3.0,,3.0,9.0,12.0,62.0,2.0,3.0,28.0,59.0,48.0,11.0,2.0,6.0,28.0,28.0,12.0,8.0,32.0,47.0,46.0,16.0,30.0,1.0,30.0,3.0,4.0,14.0,30.0,1.0,2.0,14.0,4.0,,1.0,1.0,4.0,,59.0,4.0,1.0,,24.0,2.0,40.0,3.0,325.0,54.0,,42.0,8.0,22.0,33.0,,152.0,2.0,90.0,,,5.0,325.0,22.0,187.0,23.0,2.0,12.0,1.0,,2.0,3.0,297.0,11.0,2.0,27.0,27.0,47.0,3.0,7.0,25.0,3.0,7.0,18.0,,19.0,7.0,81.0
UM,24.0,5.0,,10.0,9.0,,,27.0,,11.0,6.0,7.0,,,4.0,,2.0,4.0,,,6.0,8.0,40.0,,,11.0,3.0,,39.0,39.0,,,,,,,39.0,2.0,,3.0,,,39.0,4.0,12.0,7.0,,5.0,6.0,4.0,,1.0,30.0,5.0,2.0,,24.0,4.0,,4.0,,,,,11.0,,,2.0,,,,5.0,5.0,,,,96.0,,3.0,,,1.0,1.0,3.0,,,2.0,10.0,,,,,,,,14.0,2.0,,8.0,32.0
AL,22.0,,,3.0,,,11.0,12.0,,,2.0,,,,2.0,,2.0,6.0,,,1.0,1.0,26.0,,,7.0,,5.0,26.0,26.0,6.0,,,,,,28.0,4.0,26.0,5.0,6.0,,26.0,,2.0,8.0,1.0,,,,10.0,,23.0,,2.0,5.0,22.0,8.0,,4.0,,,22.0,,8.0,10.0,,1.0,,1.0,,,5.0,5.0,,,,,1.0,,,,,,,,,,,,,,,2.0,6.0,8.0,,,,
AM,,17.0,33.0,,,9.0,9.0,12.0,,,3.0,13.0,,9.0,3.0,,,3.0,6.0,,5.0,2.0,,,,,6.0,8.0,,,9.0,4.0,22.0,14.0,24.0,5.0,,,,,,,,,,5.0,,9.0,3.0,4.0,5.0,,,,1.0,,,,,1.0,,23.0,,24.0,,,22.0,,,1.0,,,,2.0,,,127.0,,,,1.0,,,,,,,11.0,21.0,,,4.0,,1.0,,,,,,
BA,,11.0,,12.0,7.0,6.0,,,258.0,5.0,2.0,9.0,10.0,7.0,,7.0,,6.0,,,2.0,,,44.0,26.0,17.0,,5.0,,,9.0,5.0,29.0,21.0,31.0,4.0,,2.0,,9.0,,8.0,,1.0,4.0,8.0,1.0,1.0,,2.0,6.0,2.0,,5.0,2.0,,,13.0,,3.0,258.0,28.0,18.0,31.0,10.0,22.0,,,,2.0,,2.0,11.0,2.0,258.0,9.0,104.0,,1.0,13.0,1.0,1.0,,1.0,221.0,,2.0,21.0,,24.0,3.0,9.0,17.0,,3.0,,,17.0,7.0,32.0
ME,,9.0,,12.0,7.0,10.0,,13.0,,,,,13.0,,3.0,,,6.0,,,,,38.0,,,,,5.0,36.0,36.0,6.0,,21.0,,26.0,7.0,36.0,,26.0,4.0,6.0,,36.0,2.0,,4.0,,,2.0,3.0,4.0,,,,,,,5.0,,1.0,,,,26.0,,,,,,,,,6.0,,,,109.0,21.0,2.0,,,1.0,,,,,,9.0,,,,,17.0,,,,,,7.0,
JM,,8.0,66.0,,7.0,9.0,7.0,22.0,337.0,,4.0,12.0,6.0,7.0,,9.0,5.0,,9.0,68.0,3.0,3.0,28.0,,17.0,9.0,,5.0,28.0,28.0,11.0,,,16.0,,,29.0,,,2.0,,10.0,34.0,,2.0,12.0,5.0,4.0,2.0,2.0,4.0,,,7.0,,3.0,,2.0,,3.0,337.0,,,,10.0,,,3.0,137.0,,71.0,,,4.0,337.0,16.0,,,,8.0,,,,1.0,283.0,5.0,1.0,31.0,20.0,17.0,3.0,11.0,36.0,6.0,5.0,,2.0,34.0,7.0,
ER,,7.0,,,,,,,,6.0,,,,,,,,,,,,,,,,,,,,,,,,,,,,,,,,,,,,,,,,,,,,,,6.0,,,,,,,,,,,,,,,,,,,,,,,,,,,,,,,,,,,,,,,,,,,,
TT,,7.0,,,,6.0,9.0,,,4.0,3.0,,5.0,,,,2.0,4.0,,,,,,,,,4.0,,,,8.0,,,,,,,,,,,,,2.0,,,2.0,,,,,,,,,,,3.0,,,,,,,9.0,,,3.0,,,,,,3.0,,,,,,,,,1.0,2.0,,,1.0,9.0,,,,,,3.0,4.0,,1.0,,,
MK,,6.0,,7.0,,,12.0,14.0,,4.0,,,,,,,,,,107.0,1.0,,24.0,75.0,,,,,22.0,22.0,,18.0,,,,4.0,22.0,5.0,,,7.0,,,,,7.0,,,,4.0,8.0,,,27.0,2.0,4.0,,4.0,,,,68.0,,,,,,,124.0,,69.0,,,,,,,19.0,3.0,11.0,2.0,1.0,1.0,,199.0,,,10.0,,,,,,,,,,,,75.0
PY,,6.0,,,,,,14.0,,,,10.0,,,,22.0,,,14.0,,,,,,,,,,,,6.0,,,,,,,,,,,9.0,,,3.0,,,,,2.0,,1.0,,,,,,,,,,,,,10.0,,,2.0,,,,,,3.0,,12.0,,,,,2.0,,,,,10.0,2.0,,21.0,,,4.0,,,,,1.0,,8.0,
TJ,,6.0,,,,,,,,,,,,,,,,,,,,,,,,,,,,,,,,,,,,,,,,,,,,,,,,,,,,,,,,,,,,,,,,,,,,4.0,,,,,,,,,,,,,1.0,,,,,,,,,,,,6.0,,,,,
AF,,5.0,,3.0,,5.0,,16.0,,,,,4.0,,,,1.0,,,,2.0,4.0,38.0,,,,2.0,,37.0,40.0,,,,,,,38.0,,,4.0,,,40.0,,3.0,,1.0,5.0,1.0,,4.0,,31.0,,1.0,,,1.0,,2.0,,26.0,,,,,,,,,,1.0,5.0,,,,92.0,,1.0,,1.0,1.0,,2.0,,,4.0,,,,,,,,,,,,,30.0
KH,,5.0,,8.0,,,,,,5.0,4.0,,,7.0,,9.0,,,,,3.0,2.0,,,,,3.0,,,,,,,,,,,,,,,,,,,,,,2.0,3.0,,,,,,,,,,1.0,,,,,8.0,,,,,,,,4.0,3.0,,,,,,,5.0,,,1.0,,,1.0,,,,,8.0,12.0,,,,,9.0,,
SD,,,170.0,,,,,,345.0,4.0,,,,,,,,,,,,,,,,,,,,,,,,,,,,,,,,52.0,,,,,,,,,,,,,,,,,,,345.0,,27.0,,,,,,,,,,,,345.0,,,,,,,,,,,,,,,,,,,,,,,,7.0,
SN,,,62.0,,,,,,,,,,,,,,,,,58.0,,,,,,,,,,,,4.0,,,,,,,,,,,,4.0,,,,,,,,,32.0,,,,,,,,,23.0,,,,,,,,,77.0,,,,,,,,,,,,,3.0,,,,,,,,4.0,,,,52.0,,,,39.0
BW,,,60.0,,,,,,723.0,,3.0,6.0,,,,,2.0,,7.0,475.0,,,,,,6.0,,3.0,,,,,,,,3.0,,,,4.0,,,,,,,,,,,,,18.0,,,,,,555.0,,723.0,,421.0,,,,,,531.0,,462.0,1.0,4.0,6.0,723.0,,,,,,,,,,644.0,5.0,,,,,3.0,,,,6.0,,,,,
UZ,,,53.0,,,,,,,,,7.0,,,,,,,8.0,,,,,,,,,,,,27.0,,,,,6.0,,,,,,,,,,18.0,,,,,,,,8.0,,,,,,,,,,,,,,3.0,,,,,,,,,,17.0,,,2.0,,,,,12.0,,,,,,11.0,23.0,,,,2.0,20.0,,
BO,,,52.0,,5.0,5.0,,14.0,,3.0,5.0,,,6.0,3.0,8.0,4.0,,,,2.0,2.0,,,16.0,6.0,,,,,,,22.0,16.0,21.0,,,,,,,11.0,,2.0,1.0,,1.0,2.0,2.0,1.0,,,,,1.0,,,,,2.0,,,,21.0,,,,1.0,,,,1.0,,,,14.0,,15.0,,,,,,1.0,,8.0,,8.0,,16.0,6.0,8.0,17.0,2.0,,,1.0,13.0,,
SV,,,43.0,,,10.0,,,,,5.0,,,,,,5.0,,11.0,,,4.0,,,28.0,7.0,,6.0,,,7.0,,26.0,27.0,28.0,,,3.0,,,6.0,,,,3.0,10.0,,2.0,,,,,,,,,,3.0,,2.0,,,,28.0,9.0,,,3.0,,,,,,,,11.0,,16.0,,,,,1.0,,,5.0,,,,28.0,4.0,4.0,20.0,,,,,18.0,,
AZ,,,37.0,,,,,,,,,,,,,,,3.0,,,,,,,,,,,,,,5.0,,,,3.0,,,,,,,,,,5.0,,,,1.0,,,,,,,,,,,,,,,,,,,,,,,,,,,,,,,,1.0,,,,,,,,,,,,,,,1.0,,,
NI,,,28.0,,,,,,,,4.0,,,,,,,,,,,,,,,26.0,2.0,,,,,,,,,,,,,,,,,1.0,,,,,,,,,31.0,,1.0,,,,,,,,,,,,,,,,,,,,,,,,,,,,,,,,,,,,,,,,,,,,,36.0
SY,,,,4.0,,9.0,,,,,,,,,2.0,,,,,,,,,,,,,,,,,,,,,,,4.0,,,,,,1.0,,,,,3.0,,5.0,,,,,,,,,,,,,,,,,,,,,,,3.0,,,,,,,,,,,,,,,,,,,,,5.0,,,,,
BJ,,,,3.0,6.0,,,,,3.0,,,,,,,,3.0,,,,3.0,,,,,,,,,,,,,,,,3.0,,,,,,,,,,,,,,,,5.0,3.0,,,,,,,,,,,,,,,,,,,,,,,,,,,,,,,,,,,,,,,,,,,,,
CD,,,,,14.0,12.0,,,,,,12.0,,36.0,2.0,26.0,,6.0,,,,,,,,7.0,2.0,,,,,,,,,,,5.0,,,7.0,13.0,,,6.0,,1.0,,,,,,,,,,,,,,,,,,,11.0,,1.0,,1.0,,1.0,,,,,,,,11.0,,,,,,4.0,1.0,,,,,,,1.0,,,,,,
CG,,,,,9.0,7.0,,,,,,,,19.0,2.0,18.0,,,,,,,,,,6.0,,,,,,,,,,,,1.0,,,10.0,,,,12.0,,,,5.0,,,,,,,,,,,,,,,,,,,1.0,,,,,,,,,,,,,,,,,,,,,,,,,,,,,,,,
CI,,,,,5.0,,,,,,,,,,,8.0,,,,,,,,,,,,,,,,5.0,,,,,,,,,,8.0,,,,,1.0,,3.0,,,,,,,2.0,,,62.0,,,,,,,,,,,1.0,,,,,,,,,,,,1.0,,,,,,,,,,,,,,8.0,1.0,,,
MM,,,,,,10.0,10.0,,,6.0,,18.0,,,,,,,,,1.0,3.0,,,39.0,,5.0,,,,,3.0,20.0,40.0,35.0,4.0,,,,,,33.0,,,,,,6.0,,,,,21.0,,2.0,,,,,3.0,,,,36.0,,28.0,,,,,,2.0,4.0,,,,127.0,,3.0,26.0,,,,3.0,,,,,,39.0,,,,2.0,,,1.0,,7.0,
NA,,,,,,7.0,,,,,,,,,,,,,,,1.0,,,,,,2.0,,,,,,,,,,,,,,,,,,,,,,,,,,,,,,,2.0,,,,,,,,,,,,,,,,,,,,,2.0,,,,,5.0,,,,,,,,,,,,,,,,
LS,,,,,,,10.0,,,7.0,,28.0,,8.0,3.0,8.0,,,11.0,,,,,,38.0,,,6.0,,,,5.0,41.0,38.0,40.0,4.0,,,,,4.0,20.0,,,,,2.0,4.0,,6.0,,,,11.0,,,,,80.0,,,,,40.0,,13.0,32.0,7.0,,,,2.0,,,,,107.0,18.0,2.0,,,2.0,,,,6.0,,20.0,33.0,38.0,,8.0,,6.0,,,,,7.0,
AS,,,,,,,,,,3.0,,,,,,,,,,,,,,,,,,,,,,,,,,,,,,,,,,,,,,1.0,,,,,,,,,,,,,,,,,,,,,,,,,,,,,,,,,,,,,,,,,,,,,,1.0,,,,,,
KG,,,,,,,,,,,,7.0,5.0,,,,,,,,3.0,,,,,,,,,,,,,,,,,,,,,,,,,,,,,,,,,5.0,,,,,,,,,,,,,,,,,,,,,,,,,3.0,,,,,,,,,,,,,,,,,,2.0,,,
BH,,,,,,,,,,,,,6.0,,,,1.0,5.0,7.0,,,,,40.0,,,,,,,,4.0,,,,,,2.0,,3.0,,,,1.0,,3.0,1.0,,,,,,,4.0,,20.0,,,,,,28.0,22.0,,,,,1.0,,,,,6.0,4.0,,,,16.0,3.0,,,,3.0,,,,,,,,6.0,,,2.0,4.0,,1.0,,,34.0
BB,,,,,,,,,,,,,5.0,,2.0,,1.0,,,,,,,,,,,,,,4.0,,,,,,,,,,4.0,,,,,6.0,,,,,,,,,,,,,,,,,,,,,,1.0,,,,,,,,,,,,,1.0,,,,,,,,,,,,,,,,,,,
GA,,,,,,,,,,,,,,5.0,,,,,,,,,,,,,,,,,,,,,,,,,,,,,,,,,,,,,,,,,,,,,,,,,,,,,,,,,,,,,,,,,,,,,,3.0,,,,,,,,,,,,,,,,
CU,,,,,,,,,,,,,,,4.0,,,,,,,,,,,,,,,,,,,,,3.0,,,,3.0,,,,2.0,,,,,,2.0,,,,,1.0,,,4.0,,,,,,,,,,,,1.0,,,4.0,,,,,,,,,1.0,,2.0,,,,,,,,,,,,,,,,
AX,,,,,,,,,,,,,,,3.0,,,,,,,,,,,,,,,,,,,,,,,2.0,,,,,,,,,1.0,,1.0,1.0,,,,,,,,,,,,,,,,,,,,,,,,,,,,,1.0,,,,,,,,1.0,,,,,,,,,,,,,
BN,,,,,,,,,,,,,,,2.0,,,,,,,,,,,,,,,,,,,,,,,,,,,,,,,,1.0,,,,,,,5.0,,,,,,,,,,,,,,1.0,,,,,,,,,,,,,,,,,,,,,,,3.0,,,,,,,,,
KY,,,,,,,,,,,,,,,,,2.0,,,,,,,,,,,,,,,,,,,,,,,,,,,,,,,,,,,,,,,,,,,,,,,,,,,,,,,,,,,,,,,,,,,,,,1.0,,,,,,,,,,,,,
MN,,,,,,,,,,,,,,,,,2.0,,,,,2.0,,,,,2.0,,,,,,,,,,,,,,,,,,,,,,,,,,,,,,,,,,,,,,,,,,,,,,,,,,,,,,,,,,,,,,,,,,,,,,,,,
AD,,,,,,,,,,,,,,,,,1.0,,,,,,,,,,,,,,,,,,,,,,,4.0,,,,,,,,,,,,,,,,,,,,,,,,,,,,,,1.0,,1.0,5.0,,,,,,1.0,,,,1.0,,,,,,,,,,,,,,,,,
GU,,,,,,,,,,,,,,,,,,4.0,,,,,,,,,3.0,,,,,,,,,,,,,2.0,,,,,,,2.0,,,,,,,,2.0,,,,,,,,,,,,,,,,,,,,,,,,,,,,,,,,,,,,,,,,,,,,,
MD,,,,,,,,,,,,,,,,,,4.0,,,,,,,,,,,,,,,,,,,,,,,5.0,,,,,,,,,7.0,,,,,,,,,,,,,,,,,,,,4.0,,,,,,,,,,,,,,,,,,,,,,,,,,9.0,1.0,,,
BF,,,,,,,,,,,,,,,,,,,,,2.0,,,,,,,,,,,,,,,,,,,,,,,,,,,,,,,,,,,,,,43.0,,,,,,,,41.0,,,,,1.0,,,,,,,2.0,,,,,,,,,,42.0,,,,,,,,,,,
NE,,,,,,,,,,,,,,,,,,,,,1.0,,,,,,,,,,,,,,,,,,,,,,,,,,,,,,,,,,,4.0,,,,,,,,,,,,,,,,,,,,,,,,,,,,,,,,,,,,,,,,,,,,
TG,,,,,,,,,,,,,,,,,,,,,,2.0,,,,,,,,,,,,,,,,,,,,,,,,,2.0,,,,,,,,,,,,,,,,,,,,,,,,,,,,,,,,,,,,,,,,,,,,,,,,,,,,,
GF,,,,,,,,,,,,,,,,,,,,,,,,,,,,,,,,4.0,,,,,,,,,,,,,,,,,,,,,,,,,,,,,,,,,,,,,,,,,,,,,,,,,,,,,,,,,,,,,,,,,,,,
YE,,,,,,,,,,,,,,,,,,,,,,,,,,,,,,,,,,,,,,,,3.0,,,,,,,,,,,,,,,,,,,,,,,,,,,,,,,,,,,,,,,,,,,,,,,,,,,,,,2.0,,,,,,
MZ,,,,,,,,,,,,,,,,,,,,,,,,,,,,,,,,,,,,,,,,,,11.0,,,,,,,,,,,,,,,,,,,,,,,,,,,,,,,,,,,,,,,,,,,,,,,,,,,,,,,,,,
PG,,,,,,,,,,,,,,,,,,,,,,,,,,,,,,,,,,,,,,,,,,10.0,,,,,,,,,,,,,,,,,,,,,,,,,,,,,,,,,,,,,,,,,,,,,,,,,,,,,,,,,,
ZM,,,,,,,,,,,,,,,,,,,,,,,,,,,,,,,,,,,,,,,,,,10.0,,,,,,,,,,,,,,,,,40.0,,,,20.0,,,,,,,,,,,,,,,,,,,,,,,6.0,,,,,,,,,,,,,,
HT,,,,,,,,,,,,,,,,,,,,,,,,,,,,,,,,,,,,,,,,,,9.0,,,,,,,,,,,,,,,,,,,,,,,,,,,,,,,,,,,,,,,,,,,,8.0,,,,,,,,,,,,,,
FO,,,,,,,,,,,,,,,,,,,,,,,,,,,,,,,,,,,,,,,,,,,,1.0,,,,,,1.0,,,,,,,,,,,,,,,,,,,,,,,,,,,,,,,1.0,,,,,,,,,,,,,,,,,,,
GP,,,,,,,,,,,,,,,,,,,,,,,,,,,,,,,,,,,,,,,,,,,,1.0,,,,,,,,,,,1.0,,,,,,,,,,,,,,,,,,,,,,,,,,,,,,,,,,,,,,,,,,,,,
SR,,,,,,,,,,,,,,,,,,,,,,,,,,,,,,,,,,,,,,,,,,,,1.0,,,,,,,,,,,,,,,,,,,,,,,,,,,,,,,,,,,,,,,,,,6.0,1.0,,,,,,,,,,,,,
GM,,,,,,,,,,,,,,,,,,,,,,,,,,,,,,,,,,,,,,,,,,,,,2.0,,,,,,,,,,,,,,,,,,,,,,,,,,,,,,,,,,,,2.0,,,,,,,,,,,,,,,,,,,
PS,,,,,,,,,,,,,,,,,,,,,,,,,,,,,,,,,,,,,,,,,,,,,2.0,,,2.0,2.0,,,1.0,,,,,,,,,,,,,,,,,,,,,,,,,,,,,,,,,,,,,,,,,,,,,,,,
RE,,,,,,,,,,,,,,,,,,,,,,,,,,,,,,,,,,,,,,,,,,,,,,5.0,,,,,,,,,,3.0,,,,,,,,,,,,,,,,,,,,,,,,,,,,,,,,,,,4.0,,,,,,,,,
AI,,,,,,,,,,,,,,,,,,,,,,,,,,,,,,,,,,,,,,,,,,,,,,,1.0,,,,,,,,,,,,,,,,,,,,,,,,,,,,,,,,,,,,,,,,,,,,,,,,,,,,,
GD,,,,,,,,,,,,,,,,,,,,,,,,,,,,,,,,,,,,,,,,,,,,,,,1.0,,,,,,,,,,,,,,,,,,,,,,,,,,,,,,,,,,,,,,,,,,,,,,,,,,,,,
MU,,,,,,,,,,,,,,,,,,,,,,,,,,,,,,,,,,,,,,,,,,,,,,,,2.0,,,,,,,,3.0,,,,,,,,,,,,,,,,,,,,,,,,,,,,,,,,,,,,,,,,,,,,
AO,,,,,,,,,,,,,,,,,,,,,,,,,,,,,,,,,,,,,,,,,,,,,,,,1.0,,,,,,,,,,,,,,,,,,,,,,,,,,,,,,,,,,,,,,,,,,,,,,,,,,,,
AW,,,,,,,,,,,,,,,,,,,,,,,,,,,,,,,,,,,,,,,,,,,,,,,,,1.0,,,,,,,,,,,,,,,,,,,,,,,,,,,,,,1.0,,1.0,,,1.0,,,,,,,,,,,,,,,,
AN,,,,,,,,,,,,,,,,,,,,,,,,,,,,,,,,,,,,,,,,,,,,,,,,,,,,1.0,,,,,,,,,,,,,,,,,,,,,,,,,,,,,,,,,,,,,,,,,,,,,,,,
BL,,,,,,,,,,,,,,,,,,,,,,,,,,,,,,,,,,,,,,,,,,,,,,,,,,,,1.0,,,,,,,,,,,,,,,,,,,,,,,,,,,,,,,,,,,,,,,,,,,,,,,,
NC,,,,,,,,,,,,,,,,,,,,,,,,,,,,,,,,,,,,,,,,,,,,,,,,,,,,,,,2.0,,,,,,,,,,,,,,,,,,,,,,,,,,,,,,,,,,,,,,,,,,,,,
BZ,,,,,,,,,,,,,,,,,,,,,,,,,,,,,,,,,,,,,,,,,,,,,,,,,,,,,,,1.0,,,1.0,,,,,,,,,,1.0,,,,,,,,,,,,,,,,,,,,,,,,,,,,,,,,
LY,,,,,,,,,,,,,,,,,,,,,,,,,,,,,,,,,,,,,,,,,,,,,,,,,,,,,,,1.0,,,,,,,,,,,,,,,,,,,,,,,,,,,1.0,,2.0,,,,11.0,,,,,,,,,,12.0,,
BS,,,,,,,,,,,,,,,,,,,,,,,,,,,,,,,,,,,,,,,,,,,,,,,,,,,,,,,,,,,,1.0,,,,,,,,,,,,,,,,,,,,,,,,,,3.0,,,,,,,,,,,,,,
ML,,,,,,,,,,,,,,,,,,,,,,,,,,,,,,,,,,,,,,,,,,,,,,,,,,,,,,,,,,,,,,,,,,,,2.0,,,,,,,,,,,,,,,,,,,,,,,,,,,,,,,,
JE,,,,,,,,,,,,,,,,,,,,,,,,,,,,,,,,,,,,,,,,,,,,,,,,,,,,,,,,,,,,,,,,,,,,,,,,1.0,,,,,,,,,,,,,,,,,,,,,,,,,,,,
VI,,,,,,,,,,,,,,,,,,,,,,,,,,,,,,,,,,,,,,,,,,,,,,,,,,,,,,,,,,,,,,,,,,,,,,,,,,,,,,,2.0,,,,,,,,,,,,,,,,,,,,,
SL,,,,,,,,,,,,,,,,,,,,,,,,,,,,,,,,,,,,,,,,,,,,,,,,,,,,,,,,,,,,,,,,,,,,,,,,,,,,,,,,,2.0,,,,,,,,,,,,,,,,,,,
DM,,,,,,,,,,,,,,,,,,,,,,,,,,,,,,,,,,,,,,,,,,,,,,,,,,,,,,,,,,,,,,,,,,,,,,,,,,,,,,,,,1.0,,,,,,,,,,,,,,,,1.0,,,
WS,,,,,,,,,,,,,,,,,,,,,,,,,,,,,,,,,,,,,,,,,,,,,,,,,,,,,,,,,,,,,,,,,,,,,,,,,,,,,,,,,,1.0,,,,,,,,,,,,,,,,,,
MC,,,,,,,,,,,,,,,,,,,,,,,,,,,,,,,,,,,,,,,,,,,,,,,,,,,,,,,,,,,,,,,,,,,,,,,,,,,,,,,,,,,2.0,,,,,,,,,,,,,,2.0,,,
GN,,,,,,,,,,,,,,,,,,,,,,,,,,,,,,,,,,,,,,,,,,,,,,,,,,,,,,,,,,,,,,,,,,,,,,,,,,,,,,,,,,,,,,,,,,,,,,1.0,,,,,,
MG,,,,,,,,,,,,,,,,,,,,,,,,,,,,,,,,,,,,,,,,,,,,,,,,,,,,,,,,,,,,,,,,,,,,,,,,,,,,,,,,,,,,,,,,,,,,,,1.0,,,,,,
TM,,,,,,,,,,,,,,,,,,,,,,,,,,,,,,,,,,,,,,,,,,,,,,,,,,,,,,,,,,,,,,,,,,,,,,,,,,,,,,,,,,,,,,,,,,,,,,,,,1.0,,,
